Date,End Time,Duration in Seconds,Transfer From,Source ID,Transfer To,Target ID,Product,Volume,Metered Volume,Temp Comp Metered Volume,Transaction Type,Peak Flow Rate,Average Flow Rate,Flow Duration,Start Time,Flow Duration Seconds,Start Hour,End Hour,Transaction Duration (Minutes),Day of Week,Part of Day,Flow Rate Ratio,weather_id,realtime_source,wind_direction_deg,dewpoint_temp_c,air_temp_c,humidity_percent,precipitation_mm,utc_date,Wind Direction Category,Feels Like Temp,Rain Intensity
19-11-2024 12:44,19-11-2024 12:50,333,Mod 1 Lube Island Virtual,K1 Lube Island Virtual,TLP 2104,TLP 2104,DIESEL,1864.7,1864.7,0,MANUAL,389,387.13,00:04:49,19-11-2024 12:44,289,12,12,5.55,Tuesday,Afternoon,0.995192802,2704294,FALSE,360,-11.2,-8.6,81,0,19-11-2024 12:00,N,-12.4,
19-11-2024 15:24,19-11-2024 15:26,103,Grandmeister Unit 9428 Diesel,Grandmeister Unit 9428 Diesel,Grandmeister Unit 9428 Diesel,Grandmeister Unit 9428 Diesel,DIESEL,373.9,373.9,0,MANUAL,359,307.32,00:01:13,19-11-2024 15:24,73,15,15,1.716666667,Tuesday,Afternoon,0.856044568,2704297,FALSE,360,-11.8,-10,87,0,19-11-2024 15:00,N,-12.6,
19-11-2024 16:40,19-11-2024 16:58,1083,Mod 4 Lube Island Virtual,K4 Lube Island Virtual,Grandmeister Unit 9042 Diesel,Grandmeister Unit 9042 Diesel,DIESEL,6306.1,6306.1,0,MANUAL,478,391.68,00:16:06,19-11-2024 16:40,966,16,16,18.05,Tuesday,Afternoon,0.819414226,2741162,TRUE,356,-13.3,-11.1,84,0,19-11-2024 16:00,N,-14.3,
19-11-2024 16:42,19-11-2024 16:52,631,Mod 1 Lube Island Virtual,K1 Lube Island Virtual,Grandmeister Unit 9423 Diesel,Grandmeister Unit 9423 Diesel,DIESEL,3121.3,3121.3,0,MANUAL,398,359.46,00:08:41,19-11-2024 16:42,521,16,16,10.51666667,Tuesday,Afternoon,0.903165829,2741162,TRUE,356,-13.3,-11.1,84,0,19-11-2024 16:00,N,-14.3,
19-11-2024 16:46,19-11-2024 17:02,961,Mod 1 Lube Island Virtual,K1 Lube Island Virtual,Grandmeister Unit 9428 Diesel,Grandmeister Unit 9428 Diesel,DIESEL,5108.8,5108.8,0,MANUAL,388,384.6,00:13:17,19-11-2024 16:46,797,16,17,16.01666667,Tuesday,Afternoon,0.991237113,2741162,TRUE,356,-13.3,-11.1,84,0,19-11-2024 16:00,N,-14.3,
19-11-2024 17:04,19-11-2024 17:18,809,Mod 4 Lube Island Virtual,K4 Lube Island Virtual,Grandmeister Unit 9425 Diesel,Grandmeister Unit 9425 Diesel,DIESEL,4147.3,4147.3,0,MANUAL,363,342.28,00:12:07,19-11-2024 17:04,727,17,17,13.48333333,Tuesday,Afternoon,0.94292011,2741163,TRUE,18,-14,-11.5,82,0,19-11-2024 17:00,N,-15.1,
19-11-2024 17:07,19-11-2024 17:11,232,Mod 1 Lube Island Virtual,K1 Lube Island Virtual,TLP 2104,TLP 2104,DIESEL,1184.3,1184.3,0,MANUAL,391,390.43,00:03:02,19-11-2024 17:07,182,17,17,3.866666667,Tuesday,Afternoon,0.998542199,2741163,TRUE,18,-14,-11.5,82,0,19-11-2024 17:00,N,-15.1,
19-11-2024 18:41,19-11-2024 18:47,363,Mod 4 Lube Island Virtual,K4 Lube Island Virtual,TLP 2101,TPU 4710,DIESEL,1654.4,1654.4,0,MANUAL,366,358.35,00:04:37,19-11-2024 18:41,277,18,18,6.05,Tuesday,Evening,0.979098361,2741164,TRUE,11,-14.3,-11.6,81,0,19-11-2024 18:00,N,-15.4,
19-11-2024 20:37,19-11-2024 20:54,1054,Mod 1 Lube Island Virtual,K1 Lube Island Virtual,Grandmeister Unit 9428 Diesel,Grandmeister Unit 9428 Diesel,DIESEL,5774.4,5774.4,0,MANUAL,386,382.41,00:15:06,19-11-2024 20:37,906,20,20,17.56666667,Tuesday,Evening,0.990699482,2741166,TRUE,28,-14.7,-11.8,79,0,19-11-2024 20:00,NE,-16,
19-11-2024 23:13,19-11-2024 23:30,1036,Mod 1 Lube Island Virtual,K1 Lube Island Virtual,Grandmeister Unit 9428 Diesel,Grandmeister Unit 9428 Diesel,DIESEL,5915.5,5915.5,0,MANUAL,389,384.96,00:15:22,19-11-2024 23:13,922,23,23,17.26666667,Tuesday,Evening,0.989614396,2704283,FALSE,360,-16.2,-13.2,78,0,19-11-2024 23:00,N,-17.6,
19-11-2024 23:27,20-11-2024 00:00,1969,Mod 4 Lube Island Virtual,K4 Lube Island Virtual,Grandmeister Unit 9425 Diesel,Grandmeister Unit 9425 Diesel,DIESEL,11056.9,11056.9,0,MANUAL,466,346.25,00:31:56,19-11-2024 23:27,1916,23,0,32.81666667,Tuesday,Evening,0.743025751,2704283,FALSE,360,-16.2,-13.2,78,0,19-11-2024 23:00,N,-17.6,
19-11-2024 23:33,20-11-2024 00:00,1653,Mod 1 Lube Island Virtual,K1 Lube Island Virtual,Grandmeister Unit 9041 Diesel,Grandmeister Unit 9041 Diesel,DIESEL,9778.1,9778.1,0,MANUAL,392,381.71,00:25:37,19-11-2024 23:33,1537,23,0,27.55,Tuesday,Evening,0.97375,2704283,FALSE,360,-16.2,-13.2,78,0,19-11-2024 23:00,N,-17.6,
20-11-2024 00:11,20-11-2024 00:18,432,Mod 4 Lube Island Virtual,K4 Lube Island Virtual,TLP 2101,TPU 4710,DIESEL,2004.6,2004.6,0,MANUAL,458,362.28,00:05:32,20-11-2024 00:11,332,0,0,7.2,Wednesday,Night,0.791004367,2741170,TRUE,2,-17.5,-14.4,78,0,20-11-2024 00:00,N,-18.8,
20-11-2024 02:22,20-11-2024 02:29,429,Mod 4 Lube Island Virtual,K4 Lube Island Virtual,TLP 2102,TPUXXX1,DIESEL,2636.9,2636.9,0,MANUAL,494,404.64,00:06:31,20-11-2024 02:22,391,2,2,7.15,Wednesday,Night,0.819109312,2741172,TRUE,357,-18.4,-15.8,81,0,20-11-2024 02:00,N,-19.6,
20-11-2024 02:37,20-11-2024 02:58,1278,Mod 1 Lube Island Virtual,K1 Lube Island Virtual,Grandmeister Unit 9428 Diesel,Grandmeister Unit 9428 Diesel,DIESEL,7406.5,7406.5,0,MANUAL,385,381.78,00:19:24,20-11-2024 02:37,1164,2,2,21.3,Wednesday,Night,0.991636364,2741172,TRUE,357,-18.4,-15.8,81,0,20-11-2024 02:00,N,-19.6,
20-11-2024 03:29,20-11-2024 03:37,464,Mod 1 Lube Island Virtual,K1 Lube Island Virtual,TLP 2101,TPU 4710,DIESEL,2152.7,2152.7,0,MANUAL,378,370.09,00:05:49,20-11-2024 03:29,349,3,3,7.733333333,Wednesday,Night,0.979074074,2704288,FALSE,350,-18.3,-16,82,0,20-11-2024 03:00,N,-19.6,
20-11-2024 03:33,20-11-2024 03:56,1357,Mod 4 Lube Island Virtual,K4 Lube Island Virtual,Grandmeister Unit 9425 Diesel,Grandmeister Unit 9425 Diesel,DIESEL,7968.2,7968.2,0,MANUAL,486,363.84,00:21:54,20-11-2024 03:33,1314,3,3,22.61666667,Wednesday,Night,0.748641975,2704288,FALSE,350,-18.3,-16,82,0,20-11-2024 03:00,N,-19.6,
20-11-2024 03:49,20-11-2024 04:03,880,Mod 1 Lube Island Virtual,K1 Lube Island Virtual,Grandmeister Unit 9428 Diesel,Grandmeister Unit 9428 Diesel,DIESEL,4861.5,4861.5,0,MANUAL,383,379.8,00:12:48,20-11-2024 03:49,768,3,4,14.66666667,Wednesday,Night,0.991644909,2704288,FALSE,350,-18.3,-16,82,0,20-11-2024 03:00,N,-19.6,
20-11-2024 04:12,20-11-2024 04:17,277,Mod 4 Lube Island Virtual,K4 Lube Island Virtual,TLP 2104,TLP 2104,DIESEL,1144.9,1144.9,0,MANUAL,423,413.82,00:02:46,20-11-2024 04:12,166,4,4,4.616666667,Wednesday,Night,0.978297872,2704289,FALSE,360,-18.1,-15.8,82,0,20-11-2024 04:00,N,-19.4,
20-11-2024 04:38,20-11-2024 04:54,959,Mod 1 Lube Island Virtual,K1 Lube Island Virtual,Grandmeister Unit 9428 Diesel,Grandmeister Unit 9428 Diesel,DIESEL,5109.2,5109.2,0,MANUAL,399,362.78,00:14:05,20-11-2024 04:38,845,4,4,15.98333333,Wednesday,Night,0.909223058,2704289,FALSE,360,-18.1,-15.8,82,0,20-11-2024 04:00,N,-19.4,
20-11-2024 05:02,20-11-2024 05:18,997,Mod 1 Lube Island Virtual,K1 Lube Island Virtual,Grandmeister Unit 9041 Diesel,Grandmeister Unit 9041 Diesel,DIESEL,6092.8,6092.8,0,MANUAL,391,387.66,00:15:43,20-11-2024 05:02,943,5,5,16.61666667,Wednesday,Night,0.991457801,2741175,TRUE,354,-18.3,-15.9,82,0,20-11-2024 05:00,N,-19.5,
20-11-2024 08:16,20-11-2024 08:21,249,Grandmeister Unit 9425 Diesel,Grandmeister Unit 9425 Diesel,Grandmeister Unit 9425 Diesel,Grandmeister Unit 9425 Diesel,DIESEL,635.7,635.7,0,MANUAL,409,310.1,00:02:03,20-11-2024 08:16,123,8,8,4.15,Wednesday,Morning,0.758190709,2704324,FALSE,10,-19,-16.3,80,0.1,20-11-2024 08:00,N,-20.3,No Rain
20-11-2024 08:54,20-11-2024 08:58,238,Grandmeister Unit 9425 Diesel,Grandmeister Unit 9425 Diesel,TLP 2104,TLP 2104,DIESEL,829.8,829.8,0,MANUAL,377,325.41,00:02:33,20-11-2024 08:54,153,8,8,3.966666667,Wednesday,Morning,0.863156499,2704324,FALSE,10,-19,-16.3,80,0.1,20-11-2024 08:00,N,-20.3,No Rain
20-11-2024 09:10,20-11-2024 09:33,1391,Mod 4 Lube Island Virtual,K4 Lube Island Virtual,Grandmeister Unit 9425 Diesel,Grandmeister Unit 9425 Diesel,DIESEL,7665.2,7665.2,0,MANUAL,450,351.61,00:21:48,20-11-2024 09:10,1308,9,9,23.18333333,Wednesday,Morning,0.781355556,2741179,TRUE,349,-19,-16.4,80,0,20-11-2024 09:00,N,-20.4,No Rain
20-11-2024 10:18,20-11-2024 10:44,1531,Mod 1 Lube Island Virtual,K1 Lube Island Virtual,Grandmeister Unit 9428 Diesel,Grandmeister Unit 9428 Diesel,DIESEL,8716.2,8716.2,0,MANUAL,382,378.97,00:23:00,20-11-2024 10:18,1380,10,10,25.51666667,Wednesday,Morning,0.992068063,2741180,TRUE,333,-19.4,-17,82,0,20-11-2024 10:00,NW,-20.6,No Rain
20-11-2024 11:07,20-11-2024 11:26,1127,Mod 4 Lube Island Virtual,K4 Lube Island Virtual,Grandmeister Unit 9425 Diesel,Grandmeister Unit 9425 Diesel,DIESEL,6003.8,6003.8,0,MANUAL,349,345.05,00:17:24,20-11-2024 11:07,1044,11,11,18.78333333,Wednesday,Morning,0.988681948,2704341,FALSE,350,-19.2,-16.9,82,0,20-11-2024 11:00,N,-20.5,No Rain
20-11-2024 12:15,20-11-2024 12:49,2029,Mod 4 Lube Island Virtual,K4 Lube Island Virtual,Grandmeister Unit 9425 Diesel,Grandmeister Unit 9425 Diesel,DIESEL,11809.7,11809.7,0,MANUAL,469,363.94,00:32:27,20-11-2024 12:15,1947,12,12,33.81666667,Wednesday,Afternoon,0.775991471,2741182,TRUE,336,-19.4,-17.1,82,0,20-11-2024 12:00,NW,-20.7,No Rain
20-11-2024 13:16,20-11-2024 13:28,693,Mod 1 Lube Island Virtual,K1 Lube Island Virtual,TLP 2101,TPU 4710,DIESEL,2649,2649,0,MANUAL,378,291.1,00:09:06,20-11-2024 13:16,546,13,13,11.55,Wednesday,Afternoon,0.77010582,2704343,FALSE,360,-19.2,-16.8,82,0,20-11-2024 13:00,N,-20.4,No Rain
20-11-2024 13:28,20-11-2024 13:35,373,Mod 4 Lube Island Virtual,K4 Lube Island Virtual,TLP 2104,TLP 2104,DIESEL,2024.2,2024.2,0,MANUAL,369,345.03,00:05:52,20-11-2024 13:28,352,13,13,6.216666667,Wednesday,Afternoon,0.93504065,2704343,FALSE,360,-19.2,-16.8,82,0,20-11-2024 13:00,N,-20.4,No Rain
20-11-2024 14:52,20-11-2024 15:17,1506,Mod 1 Lube Island Virtual,K1 Lube Island Virtual,Grandmeister Unit 9428 Diesel,Grandmeister Unit 9428 Diesel,DIESEL,8808.9,8808.9,0,MANUAL,387,383.27,00:22:59,20-11-2024 14:52,1379,14,15,25.1,Wednesday,Afternoon,0.990361757,2741184,TRUE,7,-19.1,-16.6,81,0,20-11-2024 14:00,N,-20.4,No Rain
20-11-2024 15:35,20-11-2024 15:58,1369,Mod 4 Lube Island Virtual,K4 Lube Island Virtual,Grandmeister Unit 9425 Diesel,Grandmeister Unit 9425 Diesel,DIESEL,7424.3,7424.3,0,MANUAL,483,347.47,00:21:22,20-11-2024 15:35,1282,15,15,22.81666667,Wednesday,Afternoon,0.719399586,2704345,FALSE,10,-19,-16.6,82,0,20-11-2024 15:00,N,-20.2,No Rain
20-11-2024 16:05,20-11-2024 16:26,1287,Mod 4 Lube Island Virtual,K4 Lube Island Virtual,Grandmeister Unit 9042 Diesel,Grandmeister Unit 9042 Diesel,DIESEL,7149.6,7149.6,0,MANUAL,453,363.85,00:19:39,20-11-2024 16:05,1179,16,16,21.45,Wednesday,Afternoon,0.803200883,2704346,FALSE,10,-18.8,-16.3,81,0,20-11-2024 16:00,N,-20.1,No Rain
20-11-2024 16:27,20-11-2024 16:35,495,Mod 1 Lube Island Virtual,K1 Lube Island Virtual,TLP 2101,TPU 4710,DIESEL,2087.7,2087.7,0,MANUAL,369,365.2,00:05:43,20-11-2024 16:27,343,16,16,8.25,Wednesday,Afternoon,0.989701897,2704346,FALSE,10,-18.8,-16.3,81,0,20-11-2024 16:00,N,-20.1,No Rain
20-11-2024 16:34,20-11-2024 16:53,1152,Mod 4 Lube Island Virtual,K4 Lube Island Virtual,Grandmeister Unit 9425 Diesel,Grandmeister Unit 9425 Diesel,DIESEL,6667.6,6667.6,0,MANUAL,484,372.15,00:17:55,20-11-2024 16:34,1075,16,16,19.2,Wednesday,Afternoon,0.768904959,2704346,FALSE,10,-18.8,-16.3,81,0,20-11-2024 16:00,N,-20.1,No Rain
20-11-2024 17:19,20-11-2024 17:21,144,Mod 1 Lube Island Virtual,K1 Lube Island Virtual,TLP 2104,TLP 2104,DIESEL,609.9,609.9,0,MANUAL,389,321,00:01:54,20-11-2024 17:19,114,17,17,2.4,Wednesday,Afternoon,0.825192802,2741187,TRUE,11,-18.1,-15.3,79,0,20-11-2024 17:00,N,-19.5,No Rain
20-11-2024 20:33,20-11-2024 21:00,1659,Mod 4 Lube Island Virtual,K4 Lube Island Virtual,Grandmeister Unit 9425 Diesel,Grandmeister Unit 9425 Diesel,DIESEL,10413.7,10413.7,0,MANUAL,474,392.23,00:26:33,20-11-2024 20:33,1593,20,21,27.65,Wednesday,Evening,0.827489451,2741190,TRUE,346,-17.9,-14.2,74,0,20-11-2024 20:00,N,-19.4,No Rain
20-11-2024 20:39,20-11-2024 21:00,1278,Mod 1 Lube Island Virtual,K1 Lube Island Virtual,Grandmeister Unit 9428 Diesel,Grandmeister Unit 9428 Diesel,DIESEL,7449,7449,0,MANUAL,388,383.97,00:19:24,20-11-2024 20:39,1164,20,21,21.3,Wednesday,Evening,0.989613402,2741190,TRUE,346,-17.9,-14.2,74,0,20-11-2024 20:00,N,-19.4,No Rain
20-11-2024 21:33,20-11-2024 21:43,574,Mod 1 Lube Island Virtual,K1 Lube Island Virtual,TLP 2102,TPUXXX1,DIESEL,2804.4,2804.4,0,MANUAL,399,394.99,00:07:06,20-11-2024 21:33,426,21,21,9.566666667,Wednesday,Evening,0.989949875,2741191,TRUE,340,-17.3,-14.1,77,0,20-11-2024 21:00,N,-18.7,No Rain
20-11-2024 22:01,20-11-2024 22:07,374,Mod 1 Lube Island Virtual,K1 Lube Island Virtual,TLP 2101,TPU 4710,DIESEL,1373.3,1373.3,0,MANUAL,373,367.85,00:03:44,20-11-2024 22:01,224,22,22,6.233333333,Wednesday,Evening,0.986193029,2741192,TRUE,13,-16.9,-13.9,78,0,20-11-2024 22:00,N,-18.3,No Rain
20-11-2024 23:46,20-11-2024 23:55,497,Mod 1 Lube Island Virtual,K1 Lube Island Virtual,Grandmeister Unit 9042 Diesel,Grandmeister Unit 9042 Diesel,DIESEL,2057.2,2057.2,0,MANUAL,352,349.67,00:05:53,20-11-2024 23:46,353,23,23,8.283333333,Wednesday,Evening,0.993380682,2704331,FALSE,360,-17.1,-14.5,81,0,20-11-2024 23:00,N,-18.3,No Rain
21-11-2024 00:17,21-11-2024 00:46,1731,Mod 4 Lube Island Virtual,K4 Lube Island Virtual,Grandmeister Unit 9425 Diesel,Grandmeister Unit 9425 Diesel,DIESEL,9431.9,9431.9,0,MANUAL,353,337.05,00:27:59,21-11-2024 00:17,1679,0,0,28.85,Thursday,Night,0.954815864,2741194,TRUE,355,-17.3,-14.9,82,0,21-11-2024 00:00,N,-18.5,No Rain
21-11-2024 00:43,21-11-2024 01:11,1715,Mod 1 Lube Island Virtual,K1 Lube Island Virtual,Grandmeister Unit 9041 Diesel,Grandmeister Unit 9041 Diesel,DIESEL,10226.1,10226.1,0,MANUAL,395,383.96,00:26:38,21-11-2024 00:43,1598,0,1,28.58333333,Thursday,Night,0.972050633,2741194,TRUE,355,-17.3,-14.9,82,0,21-11-2024 00:00,N,-18.5,No Rain
21-11-2024 01:41,21-11-2024 01:47,369,Mod 1 Lube Island Virtual,K1 Lube Island Virtual,Grandmeister Unit 9042 Diesel,Grandmeister Unit 9042 Diesel,DIESEL,1223.5,1223.5,0,MANUAL,395,333.68,00:03:40,21-11-2024 01:41,220,1,1,6.15,Thursday,Night,0.844759494,2704333,FALSE,10,-17.3,-14.7,81,0,21-11-2024 01:00,N,-18.5,No Rain
21-11-2024 03:12,21-11-2024 03:20,462,Mod 1 Lube Island Virtual,K1 Lube Island Virtual,TLP 2101,TPU 4710,DIESEL,2148,2148,0,MANUAL,377,370.34,00:05:48,21-11-2024 03:12,348,3,3,7.7,Thursday,Night,0.982334218,2741197,TRUE,360,-17.8,-15.2,81,0,21-11-2024 03:00,N,-19,No Rain
21-11-2024 03:21,21-11-2024 03:39,1053,Mod 4 Lube Island Virtual,K4 Lube Island Virtual,Grandmeister Unit 9425 Diesel,Grandmeister Unit 9425 Diesel,DIESEL,6365.4,6365.4,0,MANUAL,481,373.34,00:17:03,21-11-2024 03:21,1023,3,3,17.55,Thursday,Night,0.776174636,2741197,TRUE,360,-17.8,-15.2,81,0,21-11-2024 03:00,N,-19,No Rain
21-11-2024 03:38,21-11-2024 03:50,706,Mod 1 Lube Island Virtual,K1 Lube Island Virtual,Grandmeister Unit 9423 Diesel,Grandmeister Unit 9423 Diesel,DIESEL,3551.2,3551.2,0,MANUAL,394,379.13,00:09:22,21-11-2024 03:38,562,3,3,11.76666667,Thursday,Night,0.962258883,2741197,TRUE,360,-17.8,-15.2,81,0,21-11-2024 03:00,N,-19,No Rain
21-11-2024 04:05,21-11-2024 04:25,1223,Mod 4 Lube Island Virtual,K4 Lube Island Virtual,Grandmeister Unit 9428 Diesel,Grandmeister Unit 9428 Diesel,DIESEL,7299.4,7299.4,0,MANUAL,501,384.18,00:19:00,21-11-2024 04:05,1140,4,4,20.38333333,Thursday,Night,0.766826347,2741198,TRUE,347,-17.6,-15.3,82,0,21-11-2024 04:00,N,-18.9,No Rain
21-11-2024 04:45,21-11-2024 05:06,1314,Mod 1 Lube Island Virtual,K1 Lube Island Virtual,Grandmeister Unit 9041 Diesel,Grandmeister Unit 9041 Diesel,DIESEL,8238.8,8238.8,0,MANUAL,393,388.93,00:21:11,21-11-2024 04:45,1271,4,5,21.9,Thursday,Night,0.989643766,2741198,TRUE,347,-17.6,-15.3,82,0,21-11-2024 04:00,N,-18.9,No Rain
21-11-2024 05:11,21-11-2024 05:20,505,Mod 1 Lube Island Virtual,K1 Lube Island Virtual,TLP 2102,TPUXXX1,DIESEL,2573.5,2573.5,0,MANUAL,399,392.9,00:06:33,21-11-2024 05:11,393,5,5,8.416666667,Thursday,Night,0.984711779,2704338,FALSE,350,-17.7,-15.3,82,0,21-11-2024 05:00,N,-18.9,No Rain
21-11-2024 05:22,21-11-2024 05:29,399,Mod 1 Lube Island Virtual,K1 Lube Island Virtual,TLP 2104,TLP 2104,DIESEL,1541,1541,0,MANUAL,393,339.93,00:04:32,21-11-2024 05:22,272,5,5,6.65,Thursday,Night,0.864961832,2704338,FALSE,350,-17.7,-15.3,82,0,21-11-2024 05:00,N,-18.9,No Rain
21-11-2024 08:58,21-11-2024 09:23,1549,Mod 4 Lube Island Virtual,K4 Lube Island Virtual,Grandmeister Unit 9425 Diesel,Grandmeister Unit 9425 Diesel,DIESEL,8990.6,8990.6,0,MANUAL,461,378.02,00:23:47,21-11-2024 08:58,1427,8,9,25.81666667,Thursday,Morning,0.82,2741202,TRUE,1,-18.9,-16.3,80,0,21-11-2024 08:00,N,-20.3,No Rain
21-11-2024 10:59,21-11-2024 11:26,1623,Mod 1 Lube Island Virtual,K1 Lube Island Virtual,Grandmeister Unit 9423 Diesel,Grandmeister Unit 9423 Diesel,DIESEL,10256.2,10256.2,0,MANUAL,390,386.54,00:26:32,21-11-2024 10:59,1592,10,11,27.05,Thursday,Morning,0.991128205,2704364,FALSE,10,-19.4,-16.8,80,0,21-11-2024 10:00,N,-20.8,No Rain
21-11-2024 11:37,21-11-2024 11:49,751,Mod 1 Lube Island Virtual,K1 Lube Island Virtual,Grandmeister Unit 9428 Diesel,Grandmeister Unit 9428 Diesel,DIESEL,4005.5,4005.5,0,MANUAL,388,380.27,00:10:32,21-11-2024 11:37,632,11,11,12.51666667,Thursday,Morning,0.98007732,2741205,TRUE,348,-19.3,-16.8,81,0,21-11-2024 11:00,N,-20.6,No Rain
21-11-2024 11:56,21-11-2024 12:28,1897,Mod 1 Lube Island Virtual,K1 Lube Island Virtual,Grandmeister Unit 9425 Diesel,Grandmeister Unit 9425 Diesel,DIESEL,10269.6,10269.6,0,MANUAL,350,345.78,00:29:42,21-11-2024 11:56,1782,11,12,31.61666667,Thursday,Morning,0.987942857,2741205,TRUE,348,-19.3,-16.8,81,0,21-11-2024 11:00,N,-20.6,No Rain
21-11-2024 13:01,21-11-2024 13:06,292,Mod 1 Lube Island Virtual,K1 Lube Island Virtual,TLP 2104,TLP 2104,DIESEL,1617.2,1617.2,0,MANUAL,392,386.58,00:04:11,21-11-2024 13:01,251,13,13,4.866666667,Thursday,Afternoon,0.986173469,2741207,TRUE,340,-19,-16.7,82,0,21-11-2024 13:00,N,-20.3,No Rain
21-11-2024 13:15,21-11-2024 13:23,434,Mod 1 Lube Island Virtual,K1 Lube Island Virtual,Grandmeister Unit 9041 Diesel,Grandmeister Unit 9041 Diesel,DIESEL,1702.2,1702.2,0,MANUAL,394,309.49,00:05:30,21-11-2024 13:15,330,13,13,7.233333333,Thursday,Afternoon,0.785507614,2741207,TRUE,340,-19,-16.7,82,0,21-11-2024 13:00,N,-20.3,No Rain
21-11-2024 14:51,21-11-2024 15:04,811,Mod 1 Lube Island Virtual,K1 Lube Island Virtual,Grandmeister Unit 9428 Diesel,Grandmeister Unit 9428 Diesel,DIESEL,4704.9,4704.9,0,MANUAL,395,372.91,00:12:37,21-11-2024 14:51,757,14,15,13.51666667,Thursday,Afternoon,0.944075949,2704368,FALSE,330,-18.6,-16.3,82,0,21-11-2024 14:00,NW,-19.9,No Rain
21-11-2024 15:22,21-11-2024 15:32,600,Mod 1 Lube Island Virtual,K1 Lube Island Virtual,Grandmeister Unit 9423 Diesel,Grandmeister Unit 9423 Diesel,DIESEL,3481.7,3481.7,0,MANUAL,395,369.08,00:09:26,21-11-2024 15:22,566,15,15,10,Thursday,Afternoon,0.934379747,2704369,FALSE,320,-18.5,-16.2,83,0,21-11-2024 15:00,NW,-19.6,No Rain
21-11-2024 16:05,21-11-2024 16:08,171,Grandmeister Unit 9425 Diesel,Grandmeister Unit 9425 Diesel,Grandmeister Unit 9425 Diesel,Grandmeister Unit 9425 Diesel,DIESEL,632.1,632.1,0,MANUAL,421,308.34,00:02:03,21-11-2024 16:05,123,16,16,2.85,Thursday,Afternoon,0.73239905,2704370,FALSE,320,-18.6,-16.2,81,0,21-11-2024 16:00,NW,-20,No Rain
21-11-2024 16:16,21-11-2024 16:23,407,Mod 1 Lube Island Virtual,K1 Lube Island Virtual,Grandmeister Unit 9428 Diesel,Grandmeister Unit 9428 Diesel,DIESEL,1629.7,1629.7,0,MANUAL,385,333.73,00:04:53,21-11-2024 16:16,293,16,16,6.783333333,Thursday,Afternoon,0.866831169,2704370,FALSE,320,-18.6,-16.2,81,0,21-11-2024 16:00,NW,-20,No Rain
21-11-2024 16:26,21-11-2024 16:38,712,Mod 4 Lube Island Virtual,K4 Lube Island Virtual,Grandmeister Unit 9042 Diesel,Grandmeister Unit 9042 Diesel,DIESEL,4379.3,4379.3,0,MANUAL,474,414.44,00:10:34,21-11-2024 16:26,634,16,16,11.86666667,Thursday,Afternoon,0.874345992,2704370,FALSE,320,-18.6,-16.2,81,0,21-11-2024 16:00,NW,-20,No Rain
21-11-2024 16:57,21-11-2024 17:01,246,Mod 1 Lube Island Virtual,K1 Lube Island Virtual,TLP 2104,TLP 2104,DIESEL,1215.8,1215.8,0,MANUAL,391,385.97,00:03:09,21-11-2024 16:57,189,16,17,4.1,Thursday,Afternoon,0.98713555,2704370,FALSE,320,-18.6,-16.2,81,0,21-11-2024 16:00,NW,-20,No Rain
21-11-2024 17:00,21-11-2024 17:13,800,Mod 4 Lube Island Virtual,K4 Lube Island Virtual,Grandmeister Unit 9425 Diesel,Grandmeister Unit 9425 Diesel,DIESEL,4741.2,4741.2,0,MANUAL,413,395.65,00:11:59,21-11-2024 17:00,719,17,17,13.33333333,Thursday,Afternoon,0.957990315,2741211,TRUE,299,-18.4,-15.7,80,0,21-11-2024 17:00,NW,-19.7,No Rain
21-11-2024 17:32,21-11-2024 17:42,592,Mod 4 Lube Island Virtual,K4 Lube Island Virtual,Grandmeister Unit 9425 Diesel,Grandmeister Unit 9425 Diesel,DIESEL,3077.4,3077.4,0,MANUAL,390,383.88,00:08:01,21-11-2024 17:32,481,17,17,9.866666667,Thursday,Afternoon,0.984307692,2741211,TRUE,299,-18.4,-15.7,80,0,21-11-2024 17:00,NW,-19.7,No Rain
21-11-2024 21:43,21-11-2024 21:50,387,Mod 4 Lube Island Virtual,K4 Lube Island Virtual,TLP 2102,TPUXXX1,DIESEL,2095.5,2095.5,0,MANUAL,488,412.23,00:05:05,21-11-2024 21:43,305,21,21,6.45,Thursday,Evening,0.844733607,2741215,TRUE,346,-17.5,-14.3,76,0,21-11-2024 21:00,N,-19.1,No Rain
21-11-2024 22:29,21-11-2024 22:53,1466,Mod 1 Lube Island Virtual,K1 Lube Island Virtual,Grandmeister Unit 9423 Diesel,Grandmeister Unit 9423 Diesel,DIESEL,8650.4,8650.4,0,MANUAL,395,383.61,00:22:33,21-11-2024 22:29,1353,22,22,24.43333333,Thursday,Evening,0.971164557,2704354,FALSE,310,-16.8,-14.1,79,0.3,21-11-2024 22:00,NW,-18.3,Light
21-11-2024 23:21,21-11-2024 23:42,1243,Mod 1 Lube Island Virtual,K1 Lube Island Virtual,Grandmeister Unit 9041 Diesel,Grandmeister Unit 9041 Diesel,DIESEL,7288.9,7288.9,0,MANUAL,392,388.05,00:18:47,21-11-2024 23:21,1127,23,23,20.71666667,Thursday,Evening,0.989923469,2741217,TRUE,322,-16.7,-14,80,0.2,21-11-2024 23:00,NW,-18,No Rain
22-11-2024 00:02,22-11-2024 00:10,474,Mod 1 Lube Island Virtual,K1 Lube Island Virtual,TLP 2101,TPU 4710,DIESEL,2000.8,2000.8,0,MANUAL,347,335.33,00:05:58,22-11-2024 00:02,358,0,0,7.9,Friday,Night,0.966368876,2741218,TRUE,296,-16.5,-13.7,79,0.1,22-11-2024 00:00,NW,-17.9,No Rain
22-11-2024 00:30,22-11-2024 00:56,1517,Mod 1 Lube Island Virtual,K1 Lube Island Virtual,Grandmeister Unit 9423 Diesel,Grandmeister Unit 9423 Diesel,DIESEL,9110.9,9110.9,0,MANUAL,394,389.63,00:23:23,22-11-2024 00:30,1403,0,0,25.28333333,Friday,Night,0.988908629,2741218,TRUE,296,-16.5,-13.7,79,0.1,22-11-2024 00:00,NW,-17.9,No Rain
22-11-2024 00:31,22-11-2024 00:49,1072,Mod 4 Lube Island Virtual,K4 Lube Island Virtual,Grandmeister Unit 9042 Diesel,Grandmeister Unit 9042 Diesel,DIESEL,6560.1,6560.1,0,MANUAL,398,393.61,00:16:40,22-11-2024 00:31,1000,0,0,17.86666667,Friday,Night,0.988969849,2741218,TRUE,296,-16.5,-13.7,79,0.1,22-11-2024 00:00,NW,-17.9,No Rain
22-11-2024 01:46,22-11-2024 01:55,532,Mod 1 Lube Island Virtual,K1 Lube Island Virtual,TLP 2102,TPUXXX1,DIESEL,2752.2,2752.2,0,MANUAL,399,390.38,00:07:03,22-11-2024 01:46,423,1,1,8.866666667,Friday,Night,0.97839599,2704357,FALSE,310,-15.9,-13.3,81,0.1,22-11-2024 01:00,NW,-17.1,No Rain
22-11-2024 03:21,22-11-2024 03:40,1140,Mod 4 Lube Island Virtual,K4 Lube Island Virtual,Grandmeister Unit 9425 Diesel,Grandmeister Unit 9425 Diesel,DIESEL,7245.7,7245.7,0,MANUAL,413,397.75,00:18:13,22-11-2024 03:21,1093,3,3,19,Friday,Night,0.963075061,2704360,FALSE,270,-15.8,-13.3,82,0.2,22-11-2024 03:00,W,-16.9,No Rain
22-11-2024 03:30,22-11-2024 03:39,557,Mod 1 Lube Island Virtual,K1 Lube Island Virtual,TLP 2101,TPU 4710,DIESEL,2406,2406,0,MANUAL,349,326.61,00:07:22,22-11-2024 03:30,442,3,3,9.283333333,Friday,Night,0.935845272,2704360,FALSE,270,-15.8,-13.3,82,0.2,22-11-2024 03:00,W,-16.9,No Rain
22-11-2024 04:04,22-11-2024 04:24,1153,Mod 1 Lube Island Virtual,K1 Lube Island Virtual,Grandmeister Unit 9423 Diesel,Grandmeister Unit 9423 Diesel,DIESEL,6513.4,6513.4,0,MANUAL,399,373.62,00:17:26,22-11-2024 04:04,1046,4,4,19.21666667,Friday,Night,0.936390977,2741222,TRUE,297,-15.8,-13.5,83,0.3,22-11-2024 04:00,NW,-16.9,Light
22-11-2024 04:15,22-11-2024 04:23,483,Mod 4 Lube Island Virtual,K4 Lube Island Virtual,Grandmeister Unit 9042 Diesel,Grandmeister Unit 9042 Diesel,DIESEL,2549.4,2549.4,0,MANUAL,456,357.39,00:07:08,22-11-2024 04:15,428,4,4,8.05,Friday,Night,0.78375,2741222,TRUE,297,-15.8,-13.5,83,0.3,22-11-2024 04:00,NW,-16.9,Light
22-11-2024 04:17,22-11-2024 04:25,472,Mod 4 Lube Island Virtual,K4 Lube Island Virtual,TLP 2104,TLP 2104,DIESEL,1536.2,1536.2,0,MANUAL,387,304.2,00:05:03,22-11-2024 04:17,303,4,4,7.866666667,Friday,Night,0.786046512,2741222,TRUE,297,-15.8,-13.5,83,0.3,22-11-2024 04:00,NW,-16.9,Light
22-11-2024 04:36,22-11-2024 04:52,958,Mod 1 Lube Island Virtual,K1 Lube Island Virtual,Grandmeister Unit 9041 Diesel,Grandmeister Unit 9041 Diesel,DIESEL,5839.5,5839.5,0,MANUAL,389,381.25,00:15:19,22-11-2024 04:36,919,4,4,15.96666667,Friday,Night,0.980077121,2741222,TRUE,297,-15.8,-13.5,83,0.3,22-11-2024 04:00,NW,-16.9,Light
22-11-2024 05:00,22-11-2024 05:04,200,Mod 4 Lube Island Virtual,K4 Lube Island Virtual,TLP 2102,TPUXXX1,DIESEL,739.5,739.5,0,MANUAL,487,379.23,00:01:57,22-11-2024 05:00,117,5,5,3.333333333,Friday,Night,0.778706366,2704362,FALSE,360,-15.9,-13.6,82,0.2,22-11-2024 05:00,N,-17.2,No Rain
22-11-2024 07:34,22-11-2024 07:36,121,Grandmeister Unit 9425 Diesel,Grandmeister Unit 9425 Diesel,Grandmeister Unit 9425 Diesel,Grandmeister Unit 9425 Diesel,DIESEL,405.3,405.3,0,MANUAL,417,319.97,00:01:16,22-11-2024 07:34,76,7,7,2.016666667,Friday,Morning,0.767314149,2741225,TRUE,6,-16.4,-13.9,81,0.2,22-11-2024 07:00,N,-17.7,No Rain
22-11-2024 08:17,22-11-2024 08:20,139,Grandmeister Unit 9425 Diesel,Grandmeister Unit 9425 Diesel,Grandmeister Unit 9425 Diesel,Grandmeister Unit 9425 Diesel,DIESEL,461.4,461.4,0,MANUAL,411,276.84,00:01:40,22-11-2024 08:17,100,8,8,2.316666667,Friday,Morning,0.673576642,2704372,FALSE,0,-16.4,-14.1,83,0.2,22-11-2024 08:00,N,-17.5,No Rain
22-11-2024 08:47,22-11-2024 08:50,189,Grandmeister Unit 9425 Diesel,Grandmeister Unit 9425 Diesel,Grandmeister Unit 9425 Diesel,Grandmeister Unit 9425 Diesel,DIESEL,798.7,798.7,0,MANUAL,395,335.12,00:02:23,22-11-2024 08:47,143,8,8,3.15,Friday,Morning,0.848405063,2704372,FALSE,0,-16.4,-14.1,83,0.2,22-11-2024 08:00,N,-17.5,No Rain
22-11-2024 08:51,22-11-2024 09:16,1452,Mod 1 Lube Island Virtual,K1 Lube Island Virtual,Grandmeister Unit 9423 Diesel,Grandmeister Unit 9423 Diesel,DIESEL,9230.5,9230.5,0,MANUAL,394,390.3,00:23:39,22-11-2024 08:51,1419,8,9,24.2,Friday,Morning,0.990609137,2704372,FALSE,0,-16.4,-14.1,83,0.2,22-11-2024 08:00,N,-17.5,No Rain
22-11-2024 10:06,22-11-2024 10:47,2439,Mod 1 Lube Island Virtual,K1 Lube Island Virtual,Grandmeister Unit 9425 Diesel,Grandmeister Unit 9425 Diesel,DIESEL,13019.8,13019.8,0,MANUAL,357,335.56,00:38:48,22-11-2024 10:06,2328,10,10,40.65,Friday,Morning,0.939943978,2741228,TRUE,282,-15.9,-13.6,83,0.1,22-11-2024 10:00,W,-17,No Rain
22-11-2024 10:38,22-11-2024 10:59,1265,Mod 1 Lube Island Virtual,K1 Lube Island Virtual,Grandmeister Unit 9042 Diesel,Grandmeister Unit 9042 Diesel,DIESEL,6520.6,6520.6,0,MANUAL,393,358.27,00:18:12,22-11-2024 10:38,1092,10,10,21.08333333,Friday,Morning,0.911628499,2741228,TRUE,282,-15.9,-13.6,83,0.1,22-11-2024 10:00,W,-17,No Rain
22-11-2024 11:06,22-11-2024 11:21,898,Mod 1 Lube Island Virtual,K1 Lube Island Virtual,Grandmeister Unit 9041 Diesel,Grandmeister Unit 9041 Diesel,DIESEL,4708.2,4708.2,0,MANUAL,388,377.16,00:12:29,22-11-2024 11:06,749,11,11,14.96666667,Friday,Morning,0.972061856,2704389,FALSE,260,-15.7,-13.6,84,0.1,22-11-2024 11:00,W,-16.8,No Rain
22-11-2024 11:26,22-11-2024 11:34,483,Mod 1 Lube Island Virtual,K1 Lube Island Virtual,Grandmeister Unit 9428 Diesel,Grandmeister Unit 9428 Diesel,DIESEL,2100.8,2100.8,0,MANUAL,379,375.14,00:05:36,22-11-2024 11:26,336,11,11,8.05,Friday,Morning,0.989815303,2704389,FALSE,260,-15.7,-13.6,84,0.1,22-11-2024 11:00,W,-16.8,No Rain
22-11-2024 11:46,22-11-2024 12:01,895,Mod 1 Lube Island Virtual,K1 Lube Island Virtual,Grandmeister Unit 9428 Diesel,Grandmeister Unit 9428 Diesel,DIESEL,4225.9,4225.9,0,MANUAL,388,324.24,00:13:02,22-11-2024 11:46,782,11,12,14.91666667,Friday,Morning,0.835670103,2704389,FALSE,260,-15.7,-13.6,84,0.1,22-11-2024 11:00,W,-16.8,No Rain
22-11-2024 13:12,22-11-2024 13:17,340,Mod 4 Lube Island Virtual,K4 Lube Island Virtual,TLP 2104,TLP 2104,DIESEL,1790.2,1790.2,0,MANUAL,367,358.04,00:05:00,22-11-2024 13:12,300,13,13,5.666666667,Friday,Afternoon,0.975585831,2741231,TRUE,166,-16.5,-14.3,83,0.1,22-11-2024 13:00,S,-17.7,No Rain
22-11-2024 13:57,22-11-2024 14:03,331,Grandmeister Unit 9423 Diesel,Grandmeister Unit 9423 Diesel,TLP 2104,TLP 2104,DIESEL,1409.2,1409.2,0,MANUAL,381,346.52,00:04:04,22-11-2024 13:57,244,13,14,5.516666667,Friday,Afternoon,0.909501312,2741231,TRUE,166,-16.5,-14.3,83,0.1,22-11-2024 13:00,S,-17.7,No Rain
22-11-2024 15:11,22-11-2024 15:22,647,Mod 4 Lube Island Virtual,K4 Lube Island Virtual,TLP 2101,TPU 4710,DIESEL,3143.7,3143.7,0,MANUAL,411,336.82,00:09:20,22-11-2024 15:11,560,15,15,10.78333333,Friday,Afternoon,0.819513382,2704393,FALSE,0,-16.2,-14.4,86,0,22-11-2024 15:00,N,-17.2,No Rain
22-11-2024 15:15,22-11-2024 15:37,1306,Mod 1 Lube Island Virtual,K1 Lube Island Virtual,Grandmeister Unit 9423 Diesel,Grandmeister Unit 9423 Diesel,DIESEL,8171.4,8171.4,0,MANUAL,396,384.54,00:21:15,22-11-2024 15:15,1275,15,15,21.76666667,Friday,Afternoon,0.971060606,2704393,FALSE,0,-16.2,-14.4,86,0,22-11-2024 15:00,N,-17.2,No Rain
22-11-2024 15:44,22-11-2024 16:00,959,Mod 1 Lube Island Virtual,K1 Lube Island Virtual,Grandmeister Unit 9425 Diesel,Grandmeister Unit 9425 Diesel,DIESEL,4611.5,4611.5,0,MANUAL,371,327.44,00:14:05,22-11-2024 15:44,845,15,16,15.98333333,Friday,Afternoon,0.882587601,2704393,FALSE,0,-16.2,-14.4,86,0,22-11-2024 15:00,N,-17.2,No Rain
22-11-2024 16:07,22-11-2024 16:22,857,Mod 1 Lube Island Virtual,K1 Lube Island Virtual,Grandmeister Unit 9428 Diesel,Grandmeister Unit 9428 Diesel,DIESEL,5098.5,5098.5,0,MANUAL,388,373.97,00:13:38,22-11-2024 16:07,818,16,16,14.28333333,Friday,Afternoon,0.963840206,2704394,FALSE,0,-16,-13.9,84,0,22-11-2024 16:00,N,-17.1,No Rain
22-11-2024 16:35,22-11-2024 16:53,1046,Mod 4 Lube Island Virtual,K4 Lube Island Virtual,Grandmeister Unit 9042 Diesel,Grandmeister Unit 9042 Diesel,DIESEL,5910.7,5910.7,0,MANUAL,450,381.75,00:15:29,22-11-2024 16:35,929,16,16,17.43333333,Friday,Afternoon,0.848333333,2704394,FALSE,0,-16,-13.9,84,0,22-11-2024 16:00,N,-17.1,No Rain
22-11-2024 17:22,22-11-2024 17:29,444,Mod 4 Lube Island Virtual,K4 Lube Island Virtual,TLP 2101,TPU 4710,DIESEL,1847.9,1847.9,0,MANUAL,487,308.84,00:05:59,22-11-2024 17:22,359,17,17,7.4,Friday,Afternoon,0.634168378,2741235,TRUE,348,-15.7,-13.3,82,0,22-11-2024 17:00,N,-16.9,No Rain
22-11-2024 17:29,22-11-2024 17:36,396,Mod 1 Lube Island Virtual,K1 Lube Island Virtual,TLP 2104,TLP 2104,DIESEL,1612.2,1612.2,0,MANUAL,393,345.47,00:04:40,22-11-2024 17:29,280,17,17,6.6,Friday,Afternoon,0.879058524,2741235,TRUE,348,-15.7,-13.3,82,0,22-11-2024 17:00,N,-16.9,No Rain
22-11-2024 21:08,22-11-2024 21:25,1054,Mod 1 Lube Island Virtual,K1 Lube Island Virtual,Grandmeister Unit 9423 Diesel,Grandmeister Unit 9423 Diesel,DIESEL,6000.8,6000.8,0,MANUAL,397,383.03,00:15:40,22-11-2024 21:08,940,21,21,17.56666667,Friday,Evening,0.964811083,2741239,TRUE,345,-15.3,-12.4,79,0,22-11-2024 21:00,N,-16.6,No Rain
22-11-2024 21:56,22-11-2024 22:03,410,Mod 1 Lube Island Virtual,K1 Lube Island Virtual,TLP 2101,TPU 4710,DIESEL,1820.4,1820.4,0,MANUAL,377,370.25,00:04:55,22-11-2024 21:56,295,21,22,6.833333333,Friday,Evening,0.982095491,2741239,TRUE,345,-15.3,-12.4,79,0,22-11-2024 21:00,N,-16.6,No Rain
22-11-2024 22:19,22-11-2024 22:46,1598,Mod 1 Lube Island Virtual,K1 Lube Island Virtual,Grandmeister Unit 9423 Diesel,Grandmeister Unit 9423 Diesel,DIESEL,10120.2,10120.2,0,MANUAL,394,388.24,00:26:04,22-11-2024 22:19,1564,22,22,26.63333333,Friday,Evening,0.985380711,2741240,TRUE,359,-14.8,-12.4,82,0,22-11-2024 22:00,N,-16,No Rain
22-11-2024 22:48,22-11-2024 22:57,554,Mod 1 Lube Island Virtual,K1 Lube Island Virtual,TLP 2102,TPUXXX1,DIESEL,2894.4,2894.4,0,MANUAL,400,394.69,00:07:20,22-11-2024 22:48,440,22,22,9.233333333,Friday,Evening,0.986725,2741240,TRUE,359,-14.8,-12.4,82,0,22-11-2024 22:00,N,-16,No Rain
22-11-2024 22:56,22-11-2024 23:22,1545,Mod 4 Lube Island Virtual,K4 Lube Island Virtual,Grandmeister Unit 9425 Diesel,Grandmeister Unit 9425 Diesel,DIESEL,9433.8,9433.8,0,MANUAL,481,380.91,00:24:46,22-11-2024 22:56,1486,22,23,25.75,Friday,Evening,0.791912682,2741240,TRUE,359,-14.8,-12.4,82,0,22-11-2024 22:00,N,-16,No Rain
23-11-2024 00:03,23-11-2024 00:07,202,Mod 1 Lube Island Virtual,K1 Lube Island Virtual,Grandmeister Unit 9041 Diesel,Grandmeister Unit 9041 Diesel,DIESEL,334.3,334.3,0,MANUAL,368,364.69,00:00:55,23-11-2024 00:03,55,0,0,3.366666667,Saturday,Night,0.991005435,2741242,TRUE,17,-15.6,-13.3,83,0,23-11-2024 00:00,N,-16.7,No Rain
23-11-2024 00:08,23-11-2024 00:25,1030,Mod 1 Lube Island Virtual,K1 Lube Island Virtual,Grandmeister Unit 9041 Diesel,Grandmeister Unit 9041 Diesel,DIESEL,6314.4,6314.4,0,MANUAL,387,383.85,00:16:27,23-11-2024 00:08,987,0,0,17.16666667,Saturday,Night,0.991860465,2741242,TRUE,17,-15.6,-13.3,83,0,23-11-2024 00:00,N,-16.7,No Rain
23-11-2024 00:25,23-11-2024 00:29,203,Mod 1 Lube Island Virtual,K1 Lube Island Virtual,Grandmeister Unit 9041 Diesel,Grandmeister Unit 9041 Diesel,DIESEL,219.7,219.7,0,MANUAL,396,366.17,00:00:36,23-11-2024 00:25,36,0,0,3.383333333,Saturday,Night,0.924671717,2741242,TRUE,17,-15.6,-13.3,83,0,23-11-2024 00:00,N,-16.7,No Rain
23-11-2024 00:30,23-11-2024 00:52,1356,Mod 1 Lube Island Virtual,K1 Lube Island Virtual,Grandmeister Unit 9423 Diesel,Grandmeister Unit 9423 Diesel,DIESEL,7797.9,7797.9,0,MANUAL,390,387.31,00:20:08,23-11-2024 00:30,1208,0,0,22.6,Saturday,Night,0.993102564,2741242,TRUE,17,-15.6,-13.3,83,0,23-11-2024 00:00,N,-16.7,No Rain
23-11-2024 00:48,23-11-2024 01:04,974,Mod 4 Lube Island Virtual,K4 Lube Island Virtual,Grandmeister Unit 9425 Diesel,Grandmeister Unit 9425 Diesel,DIESEL,5895.3,5895.3,0,MANUAL,469,380.34,00:15:30,23-11-2024 00:48,930,0,1,16.23333333,Saturday,Night,0.810959488,2741242,TRUE,17,-15.6,-13.3,83,0,23-11-2024 00:00,N,-16.7,No Rain
23-11-2024 01:41,23-11-2024 01:49,455,Mod 1 Lube Island Virtual,K1 Lube Island Virtual,TLP 2102,TPUXXX1,DIESEL,2260.8,2260.8,0,MANUAL,399,392.05,00:05:46,23-11-2024 01:41,346,1,1,7.583333333,Saturday,Night,0.982581454,2741243,TRUE,348,-15.9,-13.5,82,0,23-11-2024 01:00,N,-17.1,No Rain
23-11-2024 03:09,23-11-2024 03:16,384,Mod 4 Lube Island Virtual,K4 Lube Island Virtual,TLP 2104,TLP 2104,DIESEL,1706.4,1706.4,0,MANUAL,406,403.09,00:04:14,23-11-2024 03:09,254,3,3,6.4,Saturday,Night,0.992832512,2741245,TRUE,34,-16.7,-14,80,0,23-11-2024 03:00,NE,-18,No Rain
23-11-2024 03:10,23-11-2024 03:25,885,Mod 4 Lube Island Virtual,K4 Lube Island Virtual,Grandmeister Unit 9425 Diesel,Grandmeister Unit 9425 Diesel,DIESEL,4802.7,4802.7,0,MANUAL,460,342.24,00:14:02,23-11-2024 03:10,842,3,3,14.75,Saturday,Night,0.744,2741245,TRUE,34,-16.7,-14,80,0,23-11-2024 03:00,NE,-18,No Rain
23-11-2024 03:33,23-11-2024 03:43,602,Mod 1 Lube Island Virtual,K1 Lube Island Virtual,TLP 2101,TPU 4710,DIESEL,3019.2,3019.2,0,MANUAL,377,371.98,00:08:07,23-11-2024 03:33,487,3,3,10.03333333,Saturday,Night,0.98668435,2741245,TRUE,34,-16.7,-14,80,0,23-11-2024 03:00,NE,-18,No Rain
23-11-2024 04:08,23-11-2024 04:12,255,Mod 1 Lube Island Virtual,K1 Lube Island Virtual,TLP 2101,TPU 4710,DIESEL,658.2,658.2,0,MANUAL,372,365.67,00:01:48,23-11-2024 04:08,108,4,4,4.25,Saturday,Night,0.982983871,2741246,TRUE,11,-17,-14.2,79,0,23-11-2024 04:00,N,-18.4,No Rain
23-11-2024 04:10,23-11-2024 04:34,1438,Mod 4 Lube Island Virtual,K4 Lube Island Virtual,Grandmeister Unit 9042 Diesel,Grandmeister Unit 9042 Diesel,DIESEL,8057.4,8057.4,0,MANUAL,354,348.55,00:23:07,23-11-2024 04:10,1387,4,4,23.96666667,Saturday,Night,0.98460452,2741246,TRUE,11,-17,-14.2,79,0,23-11-2024 04:00,N,-18.4,No Rain
23-11-2024 04:39,23-11-2024 04:52,773,Mod 1 Lube Island Virtual,K1 Lube Island Virtual,Grandmeister Unit 9423 Diesel,Grandmeister Unit 9423 Diesel,DIESEL,4197.6,4197.6,0,MANUAL,397,381.6,00:11:00,23-11-2024 04:39,660,4,4,12.88333333,Saturday,Night,0.961209068,2741246,TRUE,11,-17,-14.2,79,0,23-11-2024 04:00,N,-18.4,No Rain
23-11-2024 04:55,23-11-2024 05:12,1018,Mod 1 Lube Island Virtual,K1 Lube Island Virtual,Grandmeister Unit 9041 Diesel,Grandmeister Unit 9041 Diesel,DIESEL,6136.8,6136.8,0,MANUAL,383,379.99,00:16:09,23-11-2024 04:55,969,4,5,16.96666667,Saturday,Night,0.992140992,2741246,TRUE,11,-17,-14.2,79,0,23-11-2024 04:00,N,-18.4,No Rain
23-11-2024 04:58,23-11-2024 05:02,254,Mod 4 Lube Island Virtual,K4 Lube Island Virtual,TLP 2102,TPUXXX1,DIESEL,741.6,741.6,0,MANUAL,378,373.92,00:01:59,23-11-2024 04:58,119,4,5,4.233333333,Saturday,Night,0.989206349,2741246,TRUE,11,-17,-14.2,79,0,23-11-2024 04:00,N,-18.4,No Rain
23-11-2024 08:21,23-11-2024 08:48,1614,Mod 1 Lube Island Virtual,K1 Lube Island Virtual,Grandmeister Unit 9423 Diesel,Grandmeister Unit 9423 Diesel,DIESEL,10251.7,10251.7,0,MANUAL,393,389.06,00:26:21,23-11-2024 08:21,1581,8,8,26.9,Saturday,Morning,0.989974555,2741250,TRUE,7,-18,-15.7,83,0,23-11-2024 08:00,N,-19.1,No Rain
23-11-2024 08:24,23-11-2024 08:32,514,Grandmeister Unit 9425 Diesel,Grandmeister Unit 9425 Diesel,Grandmeister Unit 9425 Diesel,Grandmeister Unit 9425 Diesel,DIESEL,894.8,894.8,0,MANUAL,398,276.74,00:03:14,23-11-2024 08:24,194,8,8,8.566666667,Saturday,Morning,0.695326633,2741250,TRUE,7,-18,-15.7,83,0,23-11-2024 08:00,N,-19.1,No Rain
23-11-2024 09:03,23-11-2024 09:21,1072,Mod 1 Lube Island Virtual,K1 Lube Island Virtual,Grandmeister Unit 9041 Diesel,Grandmeister Unit 9041 Diesel,DIESEL,5310.9,5310.9,0,MANUAL,379,339.72,00:15:38,23-11-2024 09:03,938,9,9,17.86666667,Saturday,Morning,0.896358839,2704407,FALSE,10,-18.2,-15.8,81,0,23-11-2024 09:00,N,-19.6,No Rain
23-11-2024 11:06,23-11-2024 11:38,1919,Mod 1 Lube Island Virtual,K1 Lube Island Virtual,Grandmeister Unit 9425 Diesel,Grandmeister Unit 9425 Diesel,DIESEL,10423.3,10423.3,0,MANUAL,355,346.67,00:30:04,23-11-2024 11:06,1804,11,11,31.98333333,Saturday,Morning,0.976535211,2741253,TRUE,13,-19,-16.2,79,0,23-11-2024 11:00,N,-20.4,No Rain
23-11-2024 12:50,23-11-2024 12:55,336,Mod 1 Lube Island Virtual,K1 Lube Island Virtual,TLP 2104,TLP 2104,DIESEL,1870.7,1870.7,0,MANUAL,387,383.08,00:04:53,23-11-2024 12:50,293,12,12,5.6,Saturday,Afternoon,0.989870801,2741254,TRUE,11,-18.9,-16.1,80,0,23-11-2024 12:00,N,-20.1,No Rain
23-11-2024 13:42,23-11-2024 14:06,1478,Mod 4 Lube Island Virtual,K4 Lube Island Virtual,Grandmeister Unit 9425 Diesel,Grandmeister Unit 9425 Diesel,DIESEL,7840.2,7840.2,0,MANUAL,355,339.65,00:23:05,23-11-2024 13:42,1385,13,14,24.63333333,Saturday,Afternoon,0.956760563,2704415,FALSE,360,-18.8,-16.2,80,0,23-11-2024 13:00,N,-20.2,No Rain
23-11-2024 14:32,23-11-2024 14:38,345,Mod 4 Lube Island Virtual,K4 Lube Island Virtual,TLP 2101,TPU 4710,DIESEL,1766.2,1766.2,0,MANUAL,486,396.9,00:04:27,23-11-2024 14:32,267,14,14,5.75,Saturday,Afternoon,0.816666667,2704416,FALSE,20,-18.9,-16.3,80,0,23-11-2024 14:00,N,-20.3,No Rain
23-11-2024 15:39,23-11-2024 15:53,848,Mod 4 Lube Island Virtual,K4 Lube Island Virtual,Grandmeister Unit 9423 Diesel,Grandmeister Unit 9423 Diesel,DIESEL,5576.5,5576.5,0,MANUAL,504,409.03,00:13:38,23-11-2024 15:39,818,15,15,14.13333333,Saturday,Afternoon,0.81156746,2704417,FALSE,20,-19,-16.4,81,0,23-11-2024 15:00,N,-20.2,No Rain
23-11-2024 15:55,23-11-2024 16:05,605,Mod 4 Lube Island Virtual,K4 Lube Island Virtual,Grandmeister Unit 9425 Diesel,Grandmeister Unit 9425 Diesel,DIESEL,3305,3305,0,MANUAL,488,374.15,00:08:50,23-11-2024 15:55,530,15,16,10.08333333,Saturday,Afternoon,0.76670082,2704417,FALSE,20,-19,-16.4,81,0,23-11-2024 15:00,N,-20.2,No Rain
23-11-2024 16:09,23-11-2024 16:40,1861,Mod 1 Lube Island Virtual,K1 Lube Island Virtual,Grandmeister Unit 9041 Diesel,Grandmeister Unit 9041 Diesel,DIESEL,11111,11111,0,MANUAL,398,381.17,00:29:09,23-11-2024 16:09,1749,16,16,31.01666667,Saturday,Afternoon,0.957713568,2704418,FALSE,350,-19.2,-16.6,80,0,23-11-2024 16:00,N,-20.6,No Rain
23-11-2024 16:38,23-11-2024 16:44,325,Mod 4 Lube Island Virtual,K4 Lube Island Virtual,Grandmeister Unit 9425 Diesel,Grandmeister Unit 9425 Diesel,DIESEL,1448.6,1448.6,0,MANUAL,382,362.15,00:04:00,23-11-2024 16:38,240,16,16,5.416666667,Saturday,Afternoon,0.948036649,2704418,FALSE,350,-19.2,-16.6,80,0,23-11-2024 16:00,N,-20.6,No Rain
23-11-2024 16:45,23-11-2024 16:50,307,Mod 1 Lube Island Virtual,K1 Lube Island Virtual,TLP 2104,TLP 2104,DIESEL,1637.5,1637.5,0,MANUAL,390,388.34,00:04:13,23-11-2024 16:45,253,16,16,5.116666667,Saturday,Afternoon,0.99574359,2704418,FALSE,350,-19.2,-16.6,80,0,23-11-2024 16:00,N,-20.6,No Rain
23-11-2024 16:51,23-11-2024 17:01,613,Mod 4 Lube Island Virtual,K4 Lube Island Virtual,Grandmeister Unit 9042 Diesel,Grandmeister Unit 9042 Diesel,DIESEL,3944.1,3944.1,0,MANUAL,471,445.66,00:08:51,23-11-2024 16:51,531,16,17,10.21666667,Saturday,Afternoon,0.946199575,2704418,FALSE,350,-19.2,-16.6,80,0,23-11-2024 16:00,N,-20.6,No Rain
23-11-2024 17:05,23-11-2024 17:12,385,Mod 1 Lube Island Virtual,K1 Lube Island Virtual,Grandmeister Unit 9423 Diesel,Grandmeister Unit 9423 Diesel,DIESEL,2251.4,2251.4,0,MANUAL,390,388.17,00:05:48,23-11-2024 17:05,348,17,17,6.416666667,Saturday,Afternoon,0.995307692,2741259,TRUE,23,-19.2,-16.6,80,0,23-11-2024 17:00,NE,-20.6,No Rain
23-11-2024 17:16,23-11-2024 17:28,723,Mod 4 Lube Island Virtual,K4 Lube Island Virtual,Grandmeister Unit 9042 Diesel,Grandmeister Unit 9042 Diesel,DIESEL,3789.4,3789.4,0,MANUAL,476,341.39,00:11:06,23-11-2024 17:16,666,17,17,12.05,Saturday,Afternoon,0.717205882,2741259,TRUE,23,-19.2,-16.6,80,0,23-11-2024 17:00,NE,-20.6,No Rain
23-11-2024 21:22,23-11-2024 21:38,947,Mod 1 Lube Island Virtual,K1 Lube Island Virtual,Grandmeister Unit 9423 Diesel,Grandmeister Unit 9423 Diesel,DIESEL,5356.1,5356.1,0,MANUAL,395,384.41,00:13:56,23-11-2024 21:22,836,21,21,15.78333333,Saturday,Evening,0.973189873,2704401,FALSE,360,-18.5,-15.8,80,0.2,23-11-2024 21:00,N,-19.8,No Rain
23-11-2024 21:47,23-11-2024 21:54,396,Mod 1 Lube Island Virtual,K1 Lube Island Virtual,TLP 2101,TPU 4710,DIESEL,1736.9,1736.9,0,MANUAL,379,372.19,00:04:40,23-11-2024 21:47,280,21,21,6.6,Saturday,Evening,0.982031662,2704401,FALSE,360,-18.5,-15.8,80,0.2,23-11-2024 21:00,N,-19.8,No Rain
23-11-2024 22:04,23-11-2024 22:12,442,Mod 1 Lube Island Virtual,K1 Lube Island Virtual,TLP 2102,TPUXXX1,DIESEL,2165.6,2165.6,0,MANUAL,399,381.04,00:05:41,23-11-2024 22:04,341,22,22,7.366666667,Saturday,Evening,0.954987469,2704402,FALSE,10,-18.4,-15.8,80,0.3,23-11-2024 22:00,N,-19.8,Light
23-11-2024 23:55,24-11-2024 00:25,1775,Mod 1 Lube Island Virtual,K1 Lube Island Virtual,Grandmeister Unit 9425 Diesel,Grandmeister Unit 9425 Diesel,DIESEL,9543.3,9543.3,0,MANUAL,353,325.34,00:29:20,23-11-2024 23:55,1760,23,0,29.58333333,Saturday,Evening,0.921643059,2741265,TRUE,360,-18.3,-15.8,81,0.4,23-11-2024 23:00,N,-19.6,Light
24-11-2024 00:27,24-11-2024 00:52,1537,Mod 1 Lube Island Virtual,K1 Lube Island Virtual,Grandmeister Unit 9423 Diesel,Grandmeister Unit 9423 Diesel,DIESEL,8954.7,8954.7,0,MANUAL,390,386.53,00:23:10,24-11-2024 00:27,1390,0,0,25.61666667,Sunday,Night,0.991102564,2741266,TRUE,356,-18.3,-15.8,81,0.4,24-11-2024 00:00,N,-19.6,Light
24-11-2024 02:04,24-11-2024 02:12,465,Mod 1 Lube Island Virtual,K1 Lube Island Virtual,TLP 2102,TPUXXX1,DIESEL,2115.3,2115.3,0,MANUAL,397,392.93,00:05:23,24-11-2024 02:04,323,2,2,7.75,Sunday,Night,0.989748111,2741268,TRUE,2,-17.8,-15.4,81,0.4,24-11-2024 02:00,N,-19.2,Light
24-11-2024 03:16,24-11-2024 03:23,386,Mod 4 Lube Island Virtual,K4 Lube Island Virtual,TLP 2104,TLP 2104,DIESEL,1905.8,1905.8,0,MANUAL,494,382.43,00:04:59,24-11-2024 03:16,299,3,3,6.433333333,Sunday,Night,0.774149798,2704408,FALSE,360,-17.7,-15.3,82,0.4,24-11-2024 03:00,N,-18.9,Light
24-11-2024 03:32,24-11-2024 03:41,580,Mod 1 Lube Island Virtual,K1 Lube Island Virtual,TLP 2101,TPU 4710,DIESEL,2803.6,2803.6,0,MANUAL,379,359.44,00:07:48,24-11-2024 03:32,468,3,3,9.666666667,Sunday,Night,0.948390501,2704408,FALSE,360,-17.7,-15.3,82,0.4,24-11-2024 03:00,N,-18.9,Light
24-11-2024 03:46,24-11-2024 04:05,1107,Mod 4 Lube Island Virtual,K4 Lube Island Virtual,Grandmeister Unit 9425 Diesel,Grandmeister Unit 9425 Diesel,DIESEL,5947.4,5947.4,0,MANUAL,486,346.45,00:17:10,24-11-2024 03:46,1030,3,4,18.45,Sunday,Night,0.712860082,2704408,FALSE,360,-17.7,-15.3,82,0.4,24-11-2024 03:00,N,-18.9,Light
24-11-2024 04:16,24-11-2024 04:39,1388,Mod 4 Lube Island Virtual,K4 Lube Island Virtual,Grandmeister Unit 9042 Diesel,Grandmeister Unit 9042 Diesel,DIESEL,8518.7,8518.7,0,MANUAL,472,385.46,00:22:06,24-11-2024 04:16,1326,4,4,23.13333333,Sunday,Night,0.816652542,2704409,FALSE,350,-17.8,-15.4,81,0.5,24-11-2024 04:00,N,-19.2,Light
24-11-2024 04:29,24-11-2024 04:38,500,Mod 1 Lube Island Virtual,K1 Lube Island Virtual,Grandmeister Unit 9423 Diesel,Grandmeister Unit 9423 Diesel,DIESEL,2906.9,2906.9,0,MANUAL,398,380.82,00:07:38,24-11-2024 04:29,458,4,4,8.333333333,Sunday,Night,0.956834171,2704409,FALSE,350,-17.8,-15.4,81,0.5,24-11-2024 04:00,N,-19.2,Light
24-11-2024 05:05,24-11-2024 05:09,230,Mod 4 Lube Island Virtual,K4 Lube Island Virtual,TLP 2102,TPUXXX1,DIESEL,684.2,684.2,0,MANUAL,399,289.1,00:02:22,24-11-2024 05:05,142,5,5,3.833333333,Sunday,Night,0.724561404,2741271,TRUE,358,-17.8,-15.3,81,0.4,24-11-2024 05:00,N,-19.1,Light
24-11-2024 09:42,24-11-2024 10:05,1363,Mod 1 Lube Island Virtual,K1 Lube Island Virtual,Grandmeister Unit 9423 Diesel,Grandmeister Unit 9423 Diesel,DIESEL,8577.3,8577.3,0,MANUAL,391,387.53,00:22:08,24-11-2024 09:42,1328,9,10,22.71666667,Sunday,Morning,0.99112532,2704431,FALSE,350,-17.8,-15.3,82,0.2,24-11-2024 09:00,N,-18.9,No Rain
24-11-2024 12:14,24-11-2024 12:22,483,Mod 4 Lube Island Virtual,K4 Lube Island Virtual,Grandmeister Unit 9425 Diesel,Grandmeister Unit 9425 Diesel,DIESEL,2440.4,2440.4,0,MANUAL,465,378.36,00:06:27,24-11-2024 12:14,387,12,12,8.05,Sunday,Afternoon,0.813677419,2741278,TRUE,4,-17.1,-14.8,83,0.1,24-11-2024 12:00,N,-18.2,No Rain
24-11-2024 12:15,24-11-2024 12:19,217,Mod 4 Lube Island Virtual,K4 Lube Island Virtual,TLP 2104,TLP 2104,DIESEL,671,671,0,MANUAL,373,369.36,00:01:49,24-11-2024 12:15,109,12,12,3.616666667,Sunday,Afternoon,0.990241287,2741278,TRUE,4,-17.1,-14.8,83,0.1,24-11-2024 12:00,N,-18.2,No Rain
24-11-2024 12:41,24-11-2024 12:47,364,Mod 1 Lube Island Virtual,K1 Lube Island Virtual,TLP 2104,TLP 2104,DIESEL,2049.6,2049.6,0,MANUAL,390,385.5,00:05:19,24-11-2024 12:41,319,12,12,6.066666667,Sunday,Afternoon,0.988461538,2741278,TRUE,4,-17.1,-14.8,83,0.1,24-11-2024 12:00,N,-18.2,No Rain
24-11-2024 12:47,24-11-2024 13:05,1091,Mod 4 Lube Island Virtual,K4 Lube Island Virtual,Grandmeister Unit 9425 Diesel,Grandmeister Unit 9425 Diesel,DIESEL,6460.3,6460.3,0,MANUAL,469,385.31,00:16:46,24-11-2024 12:47,1006,12,13,18.18333333,Sunday,Afternoon,0.821556503,2741278,TRUE,4,-17.1,-14.8,83,0.1,24-11-2024 12:00,N,-18.2,No Rain
24-11-2024 14:52,24-11-2024 15:22,1745,Mod 1 Lube Island Virtual,K1 Lube Island Virtual,Grandmeister Unit 9423 Diesel,Grandmeister Unit 9423 Diesel,DIESEL,10168.7,10168.7,0,MANUAL,389,381.8,00:26:38,24-11-2024 14:52,1598,14,15,29.08333333,Sunday,Afternoon,0.981491003,2741280,TRUE,350,-17.2,-14.9,83,0,24-11-2024 14:00,N,-18.3,No Rain
24-11-2024 15:48,24-11-2024 15:52,226,Mod 1 Lube Island Virtual,K1 Lube Island Virtual,Grandmeister Unit 9423 Diesel,Grandmeister Unit 9423 Diesel,DIESEL,732.5,732.5,0,MANUAL,391,369.33,00:01:59,24-11-2024 15:48,119,15,15,3.766666667,Sunday,Afternoon,0.944578005,2741281,TRUE,1,-17,-14.8,83,0,24-11-2024 15:00,N,-18.2,No Rain
24-11-2024 16:28,24-11-2024 16:53,1479,Mod 4 Lube Island Virtual,K4 Lube Island Virtual,Grandmeister Unit 9425 Diesel,Grandmeister Unit 9425 Diesel,DIESEL,9261.5,9261.5,0,MANUAL,493,396.92,00:23:20,24-11-2024 16:28,1400,16,16,24.65,Sunday,Afternoon,0.805111562,2741282,TRUE,6,-16.9,-14.7,83,0,24-11-2024 16:00,N,-18.1,No Rain
24-11-2024 16:29,24-11-2024 16:46,1019,Mod 4 Lube Island Virtual,K4 Lube Island Virtual,Grandmeister Unit 9042 Diesel,Grandmeister Unit 9042 Diesel,DIESEL,5606.2,5606.2,0,MANUAL,387,353.33,00:15:52,24-11-2024 16:29,952,16,16,16.98333333,Sunday,Afternoon,0.912997416,2741282,TRUE,6,-16.9,-14.7,83,0,24-11-2024 16:00,N,-18.1,No Rain
24-11-2024 20:51,24-11-2024 21:15,1440,Mod 1 Lube Island Virtual,K1 Lube Island Virtual,Grandmeister Unit 9423 Diesel,Grandmeister Unit 9423 Diesel,DIESEL,8585.8,8585.8,0,MANUAL,392,388.2,00:22:07,24-11-2024 20:51,1327,20,21,24,Sunday,Evening,0.990306122,2704424,FALSE,350,-15.7,-12.8,79,0,24-11-2024 20:00,N,-17,No Rain
24-11-2024 21:43,24-11-2024 22:02,1096,Mod 4 Lube Island Virtual,K4 Lube Island Virtual,Grandmeister Unit 9425 Diesel,Grandmeister Unit 9425 Diesel,DIESEL,6622.9,6622.9,0,MANUAL,446,373.12,00:17:45,24-11-2024 21:43,1065,21,22,18.26666667,Sunday,Evening,0.836591928,2704425,FALSE,340,-15.4,-12.8,80,0,24-11-2024 21:00,N,-16.8,No Rain
24-11-2024 22:30,24-11-2024 22:38,494,Mod 1 Lube Island Virtual,K1 Lube Island Virtual,TLP 2101,TPU 4710,DIESEL,2324.2,2324.2,0,MANUAL,376,368.92,00:06:18,24-11-2024 22:30,378,22,22,8.233333333,Sunday,Evening,0.981170213,2741288,TRUE,334,-15.6,-13,81,0,24-11-2024 22:00,NW,-16.8,No Rain
24-11-2024 22:33,24-11-2024 22:41,462,Mod 1 Lube Island Virtual,K1 Lube Island Virtual,TLP 2102,TPUXXX1,DIESEL,1809.5,1809.5,0,MANUAL,396,391.95,00:04:37,24-11-2024 22:33,277,22,22,7.7,Sunday,Evening,0.989772727,2741288,TRUE,334,-15.6,-13,81,0,24-11-2024 22:00,NW,-16.8,No Rain
24-11-2024 23:13,24-11-2024 23:31,1113,Mod 1 Lube Island Virtual,K1 Lube Island Virtual,Grandmeister Unit 9423 Diesel,Grandmeister Unit 9423 Diesel,DIESEL,6495.5,6495.5,0,MANUAL,393,388.95,00:16:42,24-11-2024 23:13,1002,23,23,18.55,Sunday,Evening,0.989694656,2741289,TRUE,328,-15.9,-13.5,83,0,24-11-2024 23:00,NW,-16.9,No Rain
24-11-2024 23:41,25-11-2024 00:04,1400,Mod 1 Lube Island Virtual,K1 Lube Island Virtual,Grandmeister Unit 9428 Diesel,Grandmeister Unit 9428 Diesel,DIESEL,8235,8235,0,MANUAL,387,383.32,00:21:29,24-11-2024 23:41,1289,23,0,23.33333333,Sunday,Evening,0.990490956,2741289,TRUE,328,-15.9,-13.5,83,0,24-11-2024 23:00,NW,-16.9,No Rain
25-11-2024 03:15,25-11-2024 03:22,422,Mod 4 Lube Island Virtual,K4 Lube Island Virtual,TLP 2104,TLP 2104,DIESEL,2364.2,2364.2,0,MANUAL,501,422.18,00:05:36,25-11-2024 03:15,336,3,3,7.033333333,Monday,Night,0.842674651,2704432,FALSE,0,-17.7,-15.9,86,0,25-11-2024 03:00,N,-18.7,No Rain
25-11-2024 03:32,25-11-2024 03:40,514,Mod 1 Lube Island Virtual,K1 Lube Island Virtual,TLP 2101,TPU 4710,DIESEL,2483.1,2483.1,0,MANUAL,376,371.54,00:06:41,25-11-2024 03:32,401,3,3,8.566666667,Monday,Night,0.988138298,2704432,FALSE,0,-17.7,-15.9,86,0,25-11-2024 03:00,N,-18.7,No Rain
25-11-2024 03:40,25-11-2024 04:01,1255,Mod 4 Lube Island Virtual,K4 Lube Island Virtual,Grandmeister Unit 9425 Diesel,Grandmeister Unit 9425 Diesel,DIESEL,7235.6,7235.6,0,MANUAL,489,355.27,00:20:22,25-11-2024 03:40,1222,3,4,20.91666667,Monday,Night,0.726523517,2704432,FALSE,0,-17.7,-15.9,86,0,25-11-2024 03:00,N,-18.7,No Rain
25-11-2024 03:41,25-11-2024 03:45,212,Mod 1 Lube Island Virtual,K1 Lube Island Virtual,TLP 2102,TPUXXX1,DIESEL,608.6,608.6,0,MANUAL,398,376.45,00:01:37,25-11-2024 03:41,97,3,3,3.533333333,Monday,Night,0.945854271,2704432,FALSE,0,-17.7,-15.9,86,0,25-11-2024 03:00,N,-18.7,No Rain
25-11-2024 03:56,25-11-2024 04:12,915,Mod 1 Lube Island Virtual,K1 Lube Island Virtual,Grandmeister Unit 9423 Diesel,Grandmeister Unit 9423 Diesel,DIESEL,4543,4543,0,MANUAL,397,339.88,00:13:22,25-11-2024 03:56,802,3,4,15.25,Monday,Night,0.856120907,2704432,FALSE,0,-17.7,-15.9,86,0,25-11-2024 03:00,N,-18.7,No Rain
25-11-2024 04:31,25-11-2024 04:55,1442,Mod 4 Lube Island Virtual,K4 Lube Island Virtual,Grandmeister Unit 9042 Diesel,Grandmeister Unit 9042 Diesel,DIESEL,8897.5,8897.5,0,MANUAL,475,388.25,00:22:55,25-11-2024 04:31,1375,4,4,24.03333333,Monday,Night,0.817368421,2704433,FALSE,0,-18.1,-16.2,85,0,25-11-2024 04:00,N,-19.2,No Rain
25-11-2024 04:45,25-11-2024 05:10,1498,Mod 1 Lube Island Virtual,K1 Lube Island Virtual,Grandmeister Unit 9428 Diesel,Grandmeister Unit 9428 Diesel,DIESEL,9327.4,9327.4,0,MANUAL,389,385.16,00:24:13,25-11-2024 04:45,1453,4,5,24.96666667,Monday,Night,0.990128535,2704433,FALSE,0,-18.1,-16.2,85,0,25-11-2024 04:00,N,-19.2,No Rain
25-11-2024 05:11,25-11-2024 05:13,159,Mod 1 Lube Island Virtual,K1 Lube Island Virtual,Grandmeister Unit 9428 Diesel,Grandmeister Unit 9428 Diesel,DIESEL,219.9,219.9,0,MANUAL,399,329.85,00:00:40,25-11-2024 05:11,40,5,5,2.65,Monday,Night,0.826691729,2741295,TRUE,176,-18.8,-16.7,84,0,25-11-2024 05:00,S,-19.9,No Rain
25-11-2024 05:11,25-11-2024 05:18,417,Mod 4 Lube Island Virtual,K4 Lube Island Virtual,TLP 2102,TPUXXX1,DIESEL,2329.7,2329.7,0,MANUAL,424,405.17,00:05:45,25-11-2024 05:11,345,5,5,6.95,Monday,Night,0.955589623,2741295,TRUE,176,-18.8,-16.7,84,0,25-11-2024 05:00,S,-19.9,No Rain
25-11-2024 07:50,25-11-2024 08:16,1563,Mod 1 Lube Island Virtual,K1 Lube Island Virtual,Grandmeister Unit 9423 Diesel,Grandmeister Unit 9423 Diesel,DIESEL,9257,9257,0,MANUAL,394,382.78,00:24:11,25-11-2024 07:50,1451,7,8,26.05,Monday,Morning,0.971522843,2704443,FALSE,160,-19.2,-17.1,84,0,25-11-2024 07:00,S,-20.3,No Rain
25-11-2024 09:38,25-11-2024 10:09,1880,Mod 4 Lube Island Virtual,K4 Lube Island Virtual,Grandmeister Unit 9425 Diesel,Grandmeister Unit 9425 Diesel,DIESEL,11136.2,11136.2,0,MANUAL,468,372.24,00:29:55,25-11-2024 09:38,1795,9,10,31.33333333,Monday,Morning,0.795384615,2741299,TRUE,186,-20.2,-17.8,81,0,25-11-2024 09:00,S,-21.6,No Rain
25-11-2024 13:28,25-11-2024 13:31,188,Mod 1 Lube Island Virtual,K1 Lube Island Virtual,TLP 2104,TLP 2104,DIESEL,695.7,695.7,0,MANUAL,390,282.04,00:02:28,25-11-2024 13:28,148,13,13,3.133333333,Monday,Afternoon,0.723179487,2741303,TRUE,148,-22.3,-19.8,81,0,25-11-2024 13:00,SE,-23.6,No Rain
25-11-2024 13:32,25-11-2024 13:45,773,Mod 1 Lube Island Virtual,K1 Lube Island Virtual,Grandmeister Unit 9423 Diesel,Grandmeister Unit 9423 Diesel,DIESEL,4008.2,4008.2,0,MANUAL,385,383.56,00:10:27,25-11-2024 13:32,627,13,13,12.88333333,Monday,Afternoon,0.99625974,2741303,TRUE,148,-22.3,-19.8,81,0,25-11-2024 13:00,SE,-23.6,No Rain
25-11-2024 15:09,25-11-2024 15:16,400,Mod 4 Lube Island Virtual,K4 Lube Island Virtual,TLP 2104,TLP 2104,DIESEL,2197.1,2197.1,0,MANUAL,367,356.29,00:06:10,25-11-2024 15:09,370,15,15,6.666666667,Monday,Afternoon,0.970817439,2704465,FALSE,150,-20.6,-18.1,81,0,25-11-2024 15:00,SE,-21.9,No Rain
25-11-2024 15:19,25-11-2024 15:30,682,Mod 4 Lube Island Virtual,K4 Lube Island Virtual,Grandmeister Unit 9425 Diesel,Grandmeister Unit 9425 Diesel,DIESEL,3551.5,3551.5,0,MANUAL,384,347.05,00:10:14,25-11-2024 15:19,614,15,15,11.36666667,Monday,Afternoon,0.903776042,2704465,FALSE,150,-20.6,-18.1,81,0,25-11-2024 15:00,SE,-21.9,No Rain
25-11-2024 15:48,25-11-2024 16:15,1621,Mod 1 Lube Island Virtual,K1 Lube Island Virtual,Grandmeister Unit 9423 Diesel,Grandmeister Unit 9423 Diesel,DIESEL,9576.9,9576.9,0,MANUAL,392,382.06,00:25:04,25-11-2024 15:48,1504,15,16,27.01666667,Monday,Afternoon,0.974642857,2704465,FALSE,150,-20.6,-18.1,81,0,25-11-2024 15:00,SE,-21.9,No Rain
25-11-2024 16:26,25-11-2024 16:45,1140,Mod 4 Lube Island Virtual,K4 Lube Island Virtual,Grandmeister Unit 9042 Diesel,Grandmeister Unit 9042 Diesel,DIESEL,6763.1,6763.1,0,MANUAL,474,382.1,00:17:42,25-11-2024 16:26,1062,16,16,19,Monday,Afternoon,0.806118143,2704466,FALSE,170,-19.5,-17.4,84,0,25-11-2024 16:00,S,-20.6,No Rain
25-11-2024 16:50,25-11-2024 17:00,646,Mod 1 Lube Island Virtual,K1 Lube Island Virtual,TLP 2101,TPU 4710,DIESEL,3071.2,3071.2,0,MANUAL,375,370.02,00:08:18,25-11-2024 16:50,498,16,17,10.76666667,Monday,Afternoon,0.98672,2704466,FALSE,170,-19.5,-17.4,84,0,25-11-2024 16:00,S,-20.6,No Rain
25-11-2024 17:05,25-11-2024 17:08,171,Mod 1 Lube Island Virtual,K1 Lube Island Virtual,TLP 2104,TLP 2104,DIESEL,776.9,776.9,0,MANUAL,388,382.08,00:02:02,25-11-2024 17:05,122,17,17,2.85,Monday,Afternoon,0.984742268,2741307,TRUE,149,-19.2,-16.9,83,0,25-11-2024 17:00,SE,-20.3,No Rain
25-11-2024 21:13,25-11-2024 21:27,811,Mod 1 Lube Island Virtual,K1 Lube Island Virtual,Grandmeister Unit 9423 Diesel,Grandmeister Unit 9423 Diesel,DIESEL,4406.6,4406.6,0,MANUAL,394,376.1,00:11:43,25-11-2024 21:13,703,21,21,13.51666667,Monday,Evening,0.954568528,2741311,TRUE,131,-18.8,-15.8,78,0,25-11-2024 21:00,SE,-20.2,No Rain
25-11-2024 21:43,25-11-2024 22:09,1569,Mod 4 Lube Island Virtual,K4 Lube Island Virtual,Grandmeister Unit 9425 Diesel,Grandmeister Unit 9425 Diesel,DIESEL,10172.1,10172.1,0,MANUAL,404,401.53,00:25:20,25-11-2024 21:43,1520,21,22,26.15,Monday,Evening,0.993886139,2741311,TRUE,131,-18.8,-15.8,78,0,25-11-2024 21:00,SE,-20.2,No Rain
25-11-2024 21:57,25-11-2024 22:03,360,Mod 1 Lube Island Virtual,K1 Lube Island Virtual,TLP 2101,TPU 4710,DIESEL,1515,1515,0,MANUAL,398,393.51,00:03:51,25-11-2024 21:57,231,21,22,6,Monday,Evening,0.988718593,2741311,TRUE,131,-18.8,-15.8,78,0,25-11-2024 21:00,SE,-20.2,No Rain
25-11-2024 22:09,25-11-2024 22:16,437,Mod 1 Lube Island Virtual,K1 Lube Island Virtual,TLP 2101,TPU 4710,DIESEL,2003.2,2003.2,0,MANUAL,378,369.82,00:05:25,25-11-2024 22:09,325,22,22,7.283333333,Monday,Evening,0.978359788,2741312,TRUE,157,-19.3,-15.9,75,0,25-11-2024 22:00,SE,-20.9,No Rain
25-11-2024 22:56,25-11-2024 23:19,1385,Mod 1 Lube Island Virtual,K1 Lube Island Virtual,Grandmeister Unit 9423 Diesel,Grandmeister Unit 9423 Diesel,DIESEL,8218.2,8218.2,0,MANUAL,391,387.35,00:21:13,25-11-2024 22:56,1273,22,23,23.08333333,Monday,Evening,0.990664962,2741312,TRUE,157,-19.3,-15.9,75,0,25-11-2024 22:00,SE,-20.9,No Rain
26-11-2024 01:17,26-11-2024 01:23,347,Mod 1 Lube Island Virtual,K1 Lube Island Virtual,TLP 2102,TPUXXX1,DIESEL,1510.5,1510.5,0,MANUAL,397,392.34,00:03:51,26-11-2024 01:17,231,1,1,5.783333333,Tuesday,Night,0.988261965,2704453,FALSE,130,-18.5,-15.9,80,0,26-11-2024 01:00,SE,-19.9,No Rain
26-11-2024 01:30,26-11-2024 01:57,1618,Mod 1 Lube Island Virtual,K1 Lube Island Virtual,Grandmeister Unit 9423 Diesel,Grandmeister Unit 9423 Diesel,DIESEL,9736.4,9736.4,0,MANUAL,391,387.65,00:25:07,26-11-2024 01:30,1507,1,1,26.96666667,Tuesday,Night,0.991432225,2704453,FALSE,130,-18.5,-15.9,80,0,26-11-2024 01:00,SE,-19.9,No Rain
26-11-2024 03:21,26-11-2024 03:27,360,Mod 4 Lube Island Virtual,K4 Lube Island Virtual,TLP 2104,TLP 2104,DIESEL,1895.5,1895.5,0,MANUAL,492,401.87,00:04:43,26-11-2024 03:21,283,3,3,6,Tuesday,Night,0.816808943,2704456,FALSE,140,-16.2,-13.4,80,0,26-11-2024 03:00,SE,-17.4,No Rain
26-11-2024 03:30,26-11-2024 03:48,1120,Mod 4 Lube Island Virtual,K4 Lube Island Virtual,Grandmeister Unit 9425 Diesel,Grandmeister Unit 9425 Diesel,DIESEL,6167.6,6167.6,0,MANUAL,492,345.85,00:17:50,26-11-2024 03:30,1070,3,3,18.66666667,Tuesday,Night,0.702947154,2704456,FALSE,140,-16.2,-13.4,80,0,26-11-2024 03:00,SE,-17.4,No Rain
26-11-2024 03:49,26-11-2024 04:00,614,Mod 1 Lube Island Virtual,K1 Lube Island Virtual,TLP 2101,TPU 4710,DIESEL,2861.8,2861.8,0,MANUAL,376,367.68,00:07:47,26-11-2024 03:49,467,3,4,10.23333333,Tuesday,Night,0.97787234,2704456,FALSE,140,-16.2,-13.4,80,0,26-11-2024 03:00,SE,-17.4,No Rain
26-11-2024 04:01,26-11-2024 04:20,1157,Mod 4 Lube Island Virtual,K4 Lube Island Virtual,Grandmeister Unit 9042 Diesel,Grandmeister Unit 9042 Diesel,DIESEL,7189.1,7189.1,0,MANUAL,474,391.78,00:18:21,26-11-2024 04:01,1101,4,4,19.28333333,Tuesday,Night,0.826540084,2741318,TRUE,145,-16.8,-14,79,0,26-11-2024 04:00,SE,-18.2,No Rain
26-11-2024 04:17,26-11-2024 04:39,1325,Mod 1 Lube Island Virtual,K1 Lube Island Virtual,Grandmeister Unit 9428 Diesel,Grandmeister Unit 9428 Diesel,DIESEL,8219.4,8219.4,0,MANUAL,388,383.79,00:21:25,26-11-2024 04:17,1285,4,4,22.08333333,Tuesday,Night,0.989149485,2741318,TRUE,145,-16.8,-14,79,0,26-11-2024 04:00,SE,-18.2,No Rain
26-11-2024 04:44,26-11-2024 05:06,1305,Mod 1 Lube Island Virtual,K1 Lube Island Virtual,Grandmeister Unit 9423 Diesel,Grandmeister Unit 9423 Diesel,DIESEL,7592.2,7592.2,0,MANUAL,394,382.16,00:19:52,26-11-2024 04:44,1192,4,5,21.75,Tuesday,Night,0.969949239,2741318,TRUE,145,-16.8,-14,79,0,26-11-2024 04:00,SE,-18.2,No Rain
26-11-2024 04:50,26-11-2024 04:56,323,Mod 4 Lube Island Virtual,K4 Lube Island Virtual,TLP 2102,TPUXXX1,DIESEL,1436.3,1436.3,0,MANUAL,376,365.16,00:03:56,26-11-2024 04:50,236,4,4,5.383333333,Tuesday,Night,0.971170213,2741318,TRUE,145,-16.8,-14,79,0,26-11-2024 04:00,SE,-18.2,No Rain
26-11-2024 08:25,26-11-2024 08:45,1215,Mod 1 Lube Island Virtual,K1 Lube Island Virtual,Grandmeister Unit 9428 Diesel,Grandmeister Unit 9428 Diesel,DIESEL,7512.6,7512.6,0,MANUAL,386,383.95,00:19:34,26-11-2024 08:25,1174,8,8,20.25,Tuesday,Morning,0.994689119,2741322,TRUE,142,-16.4,-13.4,78,0,26-11-2024 08:00,SE,-17.8,No Rain
26-11-2024 08:44,26-11-2024 09:02,1090,Mod 1 Lube Island Virtual,K1 Lube Island Virtual,Grandmeister Unit 9423 Diesel,Grandmeister Unit 9423 Diesel,DIESEL,6767.5,6767.5,0,MANUAL,387,384.52,00:17:36,26-11-2024 08:44,1056,8,9,18.16666667,Tuesday,Morning,0.993591731,2741322,TRUE,142,-16.4,-13.4,78,0,26-11-2024 08:00,SE,-17.8,No Rain
26-11-2024 10:25,26-11-2024 11:02,2209,Mod 4 Lube Island Virtual,K4 Lube Island Virtual,Grandmeister Unit 9425 Diesel,Grandmeister Unit 9425 Diesel,DIESEL,12906.6,12906.6,0,MANUAL,477,364.76,00:35:23,26-11-2024 10:25,2123,10,11,36.81666667,Tuesday,Morning,0.764696017,2741324,TRUE,146,-15.9,-13.2,80,0,26-11-2024 10:00,SE,-17.2,No Rain
26-11-2024 11:32,26-11-2024 11:36,258,Mod 1 Lube Island Virtual,K1 Lube Island Virtual,TLP 2104,TLP 2104,DIESEL,1380,1380,0,MANUAL,390,378.08,00:03:39,26-11-2024 11:32,219,11,11,4.3,Tuesday,Morning,0.969435897,2741325,TRUE,140,-16.7,-13.8,79,0,26-11-2024 11:00,SE,-18,No Rain
26-11-2024 12:00,26-11-2024 12:18,1056,Mod 1 Lube Island Virtual,K1 Lube Island Virtual,Grandmeister Unit 9428 Diesel,Grandmeister Unit 9428 Diesel,DIESEL,6403.5,6403.5,0,MANUAL,385,378.16,00:16:56,26-11-2024 12:00,1016,12,12,17.6,Tuesday,Afternoon,0.982233766,2704486,FALSE,160,-16.6,-14.5,84,0,26-11-2024 12:00,S,-17.7,No Rain
26-11-2024 13:49,26-11-2024 13:55,323,Mod 1 Lube Island Virtual,K1 Lube Island Virtual,TLP 2104,TLP 2104,DIESEL,1661.9,1661.9,0,MANUAL,387,370.68,00:04:29,26-11-2024 13:49,269,13,13,5.383333333,Tuesday,Afternoon,0.957829457,2741327,TRUE,155,-15.5,-12.8,80,0,26-11-2024 13:00,SE,-16.8,No Rain
26-11-2024 15:27,26-11-2024 15:37,636,Mod 1 Lube Island Virtual,K1 Lube Island Virtual,Grandmeister Unit 9423 Diesel,Grandmeister Unit 9423 Diesel,DIESEL,3221.8,3221.8,0,MANUAL,393,361.32,00:08:55,26-11-2024 15:27,535,15,15,10.6,Tuesday,Afternoon,0.919389313,2741329,TRUE,141,-15.5,-12.7,80,0,26-11-2024 15:00,SE,-16.7,No Rain
26-11-2024 15:53,26-11-2024 16:15,1314,Mod 4 Lube Island Virtual,K4 Lube Island Virtual,Grandmeister Unit 9425 Diesel,Grandmeister Unit 9425 Diesel,DIESEL,7019.4,7019.4,0,MANUAL,460,359.35,00:19:32,26-11-2024 15:53,1172,15,16,21.9,Tuesday,Afternoon,0.781195652,2741329,TRUE,141,-15.5,-12.7,80,0,26-11-2024 15:00,SE,-16.7,No Rain
26-11-2024 16:20,26-11-2024 16:37,1032,Mod 4 Lube Island Virtual,K4 Lube Island Virtual,Grandmeister Unit 9042 Diesel,Grandmeister Unit 9042 Diesel,DIESEL,6189.8,6189.8,0,MANUAL,468,390.11,00:15:52,26-11-2024 16:20,952,16,16,17.2,Tuesday,Afternoon,0.833568376,2704490,FALSE,150,-16,-13.4,81,0,26-11-2024 16:00,SE,-17.2,No Rain
26-11-2024 17:19,26-11-2024 17:23,251,Mod 4 Lube Island Virtual,K4 Lube Island Virtual,TLP 2104,TLP 2104,DIESEL,1455.5,1455.5,0,MANUAL,421,406.19,00:03:35,26-11-2024 17:19,215,17,17,4.183333333,Tuesday,Afternoon,0.964821853,2704469,FALSE,150,-16.7,-13.4,76,0,26-11-2024 17:00,SE,-18.2,No Rain
26-11-2024 20:24,26-11-2024 20:29,332,Mod 1 Lube Island Virtual,K1 Lube Island Virtual,Grandmeister Unit 9428 Diesel,Grandmeister Unit 9428 Diesel,DIESEL,1829.9,1829.9,0,MANUAL,387,377.3,00:04:51,26-11-2024 20:24,291,20,20,5.533333333,Tuesday,Evening,0.974935401,2704472,FALSE,130,-15.3,-11.2,72,0,26-11-2024 20:00,SE,-16.8,No Rain
26-11-2024 21:24,26-11-2024 21:43,1154,Mod 1 Lube Island Virtual,K1 Lube Island Virtual,Grandmeister Unit 9423 Diesel,Grandmeister Unit 9423 Diesel,DIESEL,6760,6760,0,MANUAL,394,390,00:17:20,26-11-2024 21:24,1040,21,21,19.23333333,Tuesday,Evening,0.989847716,2741335,TRUE,133,-15.1,-11.4,74,0,26-11-2024 21:00,SE,-16.6,No Rain
26-11-2024 21:40,26-11-2024 21:46,366,Mod 1 Lube Island Virtual,K1 Lube Island Virtual,TLP 2102,TPUXXX1,DIESEL,1457.4,1457.4,0,MANUAL,396,393.89,00:03:42,26-11-2024 21:40,222,21,21,6.1,Tuesday,Evening,0.994671717,2741335,TRUE,133,-15.1,-11.4,74,0,26-11-2024 21:00,SE,-16.6,No Rain
26-11-2024 22:14,26-11-2024 22:34,1209,Mod 1 Lube Island Virtual,K1 Lube Island Virtual,Grandmeister Unit 9423 Diesel,Grandmeister Unit 9423 Diesel,DIESEL,7089.1,7089.1,0,MANUAL,392,387.74,00:18:17,26-11-2024 22:14,1097,22,22,20.15,Tuesday,Evening,0.989132653,2704474,FALSE,140,-14.3,-10.5,73,0,26-11-2024 22:00,SE,-15.9,No Rain
26-11-2024 22:19,26-11-2024 22:34,908,Mod 4 Lube Island Virtual,K4 Lube Island Virtual,Grandmeister Unit 9425 Diesel,Grandmeister Unit 9425 Diesel,DIESEL,5407.9,5407.9,0,MANUAL,399,393.78,00:13:44,26-11-2024 22:19,824,22,22,15.13333333,Tuesday,Evening,0.986917293,2704474,FALSE,140,-14.3,-10.5,73,0,26-11-2024 22:00,SE,-15.9,No Rain
26-11-2024 22:27,26-11-2024 22:37,585,Mod 1 Lube Island Virtual,K1 Lube Island Virtual,TLP 2101,TPU 4710,DIESEL,2701.5,2701.5,0,MANUAL,377,368.39,00:07:20,26-11-2024 22:27,440,22,22,9.75,Tuesday,Evening,0.977161804,2704474,FALSE,140,-14.3,-10.5,73,0,26-11-2024 22:00,SE,-15.9,No Rain
27-11-2024 00:40,27-11-2024 00:46,410,Mod 4 Lube Island Virtual,K4 Lube Island Virtual,TLP 2102,TPUXXX1,DIESEL,1958.3,1958.3,0,MANUAL,403,402.39,00:04:52,27-11-2024 00:40,292,0,0,6.833333333,Wednesday,Night,0.998486352,2741338,TRUE,302,-13.9,-11.1,80,0,27-11-2024 00:00,NW,-15.1,No Rain
27-11-2024 02:19,27-11-2024 02:23,249,Grandmeister Unit 9425 Diesel,Grandmeister Unit 9425 Diesel,TLP 2104,TLP 2104,DIESEL,905.7,905.7,0,MANUAL,365,278.68,00:03:15,27-11-2024 02:19,195,2,2,4.15,Wednesday,Night,0.763506849,2704478,FALSE,280,-12.9,-10.2,80,0.1,27-11-2024 02:00,W,-14.2,No Rain
27-11-2024 02:58,27-11-2024 03:06,470,Mod 4 Lube Island Virtual,K4 Lube Island Virtual,TLP 2104,TLP 2104,DIESEL,2279.4,2279.4,0,MANUAL,378,374.7,00:06:05,27-11-2024 02:58,365,2,3,7.833333333,Wednesday,Night,0.991269841,2704478,FALSE,280,-12.9,-10.2,80,0.1,27-11-2024 02:00,W,-14.2,No Rain
27-11-2024 03:26,27-11-2024 03:38,718,Mod 4 Lube Island Virtual,K4 Lube Island Virtual,Grandmeister Unit 9425 Diesel,Grandmeister Unit 9425 Diesel,DIESEL,4405.1,4405.1,0,MANUAL,411,396.86,00:11:06,27-11-2024 03:26,666,3,3,11.96666667,Wednesday,Night,0.965596107,2741341,TRUE,288,-13.7,-10.4,76,0.1,27-11-2024 03:00,W,-15.2,No Rain
27-11-2024 03:42,27-11-2024 03:52,613,Mod 1 Lube Island Virtual,K1 Lube Island Virtual,TLP 2101,TPU 4710,DIESEL,3057.7,3057.7,0,MANUAL,375,362.57,00:08:26,27-11-2024 03:42,506,3,3,10.21666667,Wednesday,Night,0.966853333,2741341,TRUE,288,-13.7,-10.4,76,0.1,27-11-2024 03:00,W,-15.2,No Rain
27-11-2024 04:02,27-11-2024 04:25,1373,Mod 4 Lube Island Virtual,K4 Lube Island Virtual,Grandmeister Unit 9042 Diesel,Grandmeister Unit 9042 Diesel,DIESEL,8763,8763,0,MANUAL,479,391.5,00:22:23,27-11-2024 04:02,1343,4,4,22.88333333,Wednesday,Night,0.817327766,2741342,TRUE,299,-15,-10.9,72,0,27-11-2024 04:00,NW,-16.5,No Rain
27-11-2024 04:06,27-11-2024 04:15,536,Mod 1 Lube Island Virtual,K1 Lube Island Virtual,Grandmeister Unit 9423 Diesel,Grandmeister Unit 9423 Diesel,DIESEL,2543.4,2543.4,0,MANUAL,397,360.77,00:07:03,27-11-2024 04:06,423,4,4,8.933333333,Wednesday,Night,0.908740554,2741342,TRUE,299,-15,-10.9,72,0,27-11-2024 04:00,NW,-16.5,No Rain
27-11-2024 04:18,27-11-2024 04:43,1528,Mod 1 Lube Island Virtual,K1 Lube Island Virtual,Grandmeister Unit 9428 Diesel,Grandmeister Unit 9428 Diesel,DIESEL,9372.1,9372.1,0,MANUAL,385,381.24,00:24:35,27-11-2024 04:18,1475,4,4,25.46666667,Wednesday,Night,0.990233766,2741342,TRUE,299,-15,-10.9,72,0,27-11-2024 04:00,NW,-16.5,No Rain
27-11-2024 04:36,27-11-2024 04:40,240,Mod 4 Lube Island Virtual,K4 Lube Island Virtual,TLP 2102,TPUXXX1,DIESEL,717.2,717.2,0,MANUAL,357,347.03,00:02:04,27-11-2024 04:36,124,4,4,4,Wednesday,Night,0.972072829,2741342,TRUE,299,-15,-10.9,72,0,27-11-2024 04:00,NW,-16.5,No Rain
27-11-2024 08:32,27-11-2024 08:44,720,Mod 4 Lube Island Virtual,K4 Lube Island Virtual,Grandmeister Unit 9425 Diesel,Grandmeister Unit 9425 Diesel,DIESEL,3643.7,3643.7,0,MANUAL,443,350.92,00:10:23,27-11-2024 08:32,623,8,8,12,Wednesday,Morning,0.79214447,2741346,TRUE,294,-14.6,-11.1,75,0,27-11-2024 08:00,NW,-16.1,No Rain
27-11-2024 08:52,27-11-2024 09:06,872,Mod 1 Lube Island Virtual,K1 Lube Island Virtual,Grandmeister Unit 9428 Diesel,Grandmeister Unit 9428 Diesel,DIESEL,4711.7,4711.7,0,MANUAL,385,374.94,00:12:34,27-11-2024 08:52,754,8,9,14.53333333,Wednesday,Morning,0.97387013,2741346,TRUE,294,-14.6,-11.1,75,0,27-11-2024 08:00,NW,-16.1,No Rain
27-11-2024 08:55,27-11-2024 09:16,1274,Mod 1 Lube Island Virtual,K1 Lube Island Virtual,Grandmeister Unit 9423 Diesel,Grandmeister Unit 9423 Diesel,DIESEL,7268.4,7268.4,0,MANUAL,388,385.93,00:18:50,27-11-2024 08:55,1130,8,9,21.23333333,Wednesday,Morning,0.994664948,2741346,TRUE,294,-14.6,-11.1,75,0,27-11-2024 08:00,NW,-16.1,No Rain
27-11-2024 10:37,27-11-2024 10:42,327,Mod 1 Lube Island Virtual,K1 Lube Island Virtual,TLP 2104,TLP 2104,DIESEL,1801.9,1801.9,0,MANUAL,389,383.38,00:04:42,27-11-2024 10:37,282,10,10,5.45,Wednesday,Morning,0.985552699,2741348,TRUE,286,-14.1,-11,78,0.2,27-11-2024 10:00,W,-15.4,No Rain
27-11-2024 10:46,27-11-2024 11:00,823,Mod 1 Lube Island Virtual,K1 Lube Island Virtual,Grandmeister Unit 9423 Diesel,Grandmeister Unit 9423 Diesel,DIESEL,4587.2,4587.2,0,MANUAL,392,387.65,00:11:50,27-11-2024 10:46,710,10,11,13.71666667,Wednesday,Morning,0.988903061,2741348,TRUE,286,-14.1,-11,78,0.2,27-11-2024 10:00,W,-15.4,No Rain
27-11-2024 11:31,27-11-2024 12:03,1967,Mod 4 Lube Island Virtual,K4 Lube Island Virtual,Grandmeister Unit 9425 Diesel,Grandmeister Unit 9425 Diesel,DIESEL,11613.3,11613.3,0,MANUAL,465,369.26,00:31:27,27-11-2024 11:31,1887,11,12,32.78333333,Wednesday,Morning,0.794107527,2741349,TRUE,290,-14.2,-11.2,79,0.1,27-11-2024 11:00,W,-15.4,No Rain
27-11-2024 12:50,27-11-2024 13:21,1844,Mod 1 Lube Island Virtual,K1 Lube Island Virtual,Grandmeister Unit 9428 Diesel,Grandmeister Unit 9428 Diesel,DIESEL,9013.6,9013.6,0,MANUAL,384,316.27,00:28:30,27-11-2024 12:50,1710,12,13,30.73333333,Wednesday,Afternoon,0.823619792,2741350,TRUE,294,-14.8,-11.5,77,0.1,27-11-2024 12:00,NW,-16.1,No Rain
27-11-2024 13:01,27-11-2024 13:15,839,Mod 1 Lube Island Virtual,K1 Lube Island Virtual,Grandmeister Unit 9423 Diesel,Grandmeister Unit 9423 Diesel,DIESEL,4447.5,4447.5,0,MANUAL,387,383.96,00:11:35,27-11-2024 13:01,695,13,13,13.98333333,Wednesday,Afternoon,0.992144703,2741351,TRUE,279,-16.3,-11.6,68,0,27-11-2024 13:00,W,-18,No Rain
27-11-2024 14:05,27-11-2024 14:10,274,Grandmeister Unit 9425 Diesel,Grandmeister Unit 9425 Diesel,TLP 2104,TLP 2104,DIESEL,1176,1176,0,MANUAL,376,301.54,00:03:54,27-11-2024 14:05,234,14,14,4.566666667,Wednesday,Afternoon,0.801968085,2741352,TRUE,288,-16.2,-12,71,0,27-11-2024 14:00,W,-17.8,No Rain
27-11-2024 14:31,27-11-2024 14:52,1291,Mod 1 Lube Island Virtual,K1 Lube Island Virtual,Grandmeister Unit 9423 Diesel,Grandmeister Unit 9423 Diesel,DIESEL,7909,7909,0,MANUAL,394,372.48,00:21:14,27-11-2024 14:31,1274,14,14,21.51666667,Wednesday,Afternoon,0.945380711,2741352,TRUE,288,-16.2,-12,71,0,27-11-2024 14:00,W,-17.8,No Rain
27-11-2024 15:19,27-11-2024 15:28,538,Mod 1 Lube Island Virtual,K1 Lube Island Virtual,Grandmeister Unit 9428 Diesel,Grandmeister Unit 9428 Diesel,DIESEL,2512,2512,0,MANUAL,384,355.47,00:07:04,27-11-2024 15:19,424,15,15,8.966666667,Wednesday,Afternoon,0.925703125,2741353,TRUE,297,-16.3,-12.1,71,0,27-11-2024 15:00,NW,-17.9,No Rain
27-11-2024 15:41,27-11-2024 16:10,1721,Mod 4 Lube Island Virtual,K4 Lube Island Virtual,Grandmeister Unit 9425 Diesel,Grandmeister Unit 9425 Diesel,DIESEL,10749.5,10749.5,0,MANUAL,478,394.24,00:27:16,27-11-2024 15:41,1636,15,16,28.68333333,Wednesday,Afternoon,0.824769874,2741353,TRUE,297,-16.3,-12.1,71,0,27-11-2024 15:00,NW,-17.9,No Rain
27-11-2024 16:13,27-11-2024 16:27,853,Mod 1 Lube Island Virtual,K1 Lube Island Virtual,Grandmeister Unit 9423 Diesel,Grandmeister Unit 9423 Diesel,DIESEL,4384.8,4384.8,0,MANUAL,390,350.32,00:12:31,27-11-2024 16:13,751,16,16,14.21666667,Wednesday,Afternoon,0.89825641,2741354,TRUE,286,-16.6,-12.2,70,0,27-11-2024 16:00,W,-18.2,No Rain
27-11-2024 16:16,27-11-2024 16:39,1405,Mod 4 Lube Island Virtual,K4 Lube Island Virtual,Grandmeister Unit 9042 Diesel,Grandmeister Unit 9042 Diesel,DIESEL,7566.8,7566.8,0,MANUAL,462,344.99,00:21:56,27-11-2024 16:16,1316,16,16,23.41666667,Wednesday,Afternoon,0.746731602,2741354,TRUE,286,-16.6,-12.2,70,0,27-11-2024 16:00,W,-18.2,No Rain
27-11-2024 16:52,27-11-2024 16:58,331,Mod 1 Lube Island Virtual,K1 Lube Island Virtual,TLP 2104,TLP 2104,DIESEL,1798.8,1798.8,0,MANUAL,390,385.46,00:04:40,27-11-2024 16:52,280,16,16,5.516666667,Wednesday,Afternoon,0.988358974,2741354,TRUE,286,-16.6,-12.2,70,0,27-11-2024 16:00,W,-18.2,No Rain
27-11-2024 20:04,27-11-2024 20:18,847,Mod 4 Lube Island Virtual,K4 Lube Island Virtual,Grandmeister Unit 9428 Diesel,Grandmeister Unit 9428 Diesel,DIESEL,5152.6,5152.6,0,MANUAL,486,388.39,00:13:16,27-11-2024 20:04,796,20,20,14.11666667,Wednesday,Evening,0.799156379,2740503,TRUE,311,-16.1,-11.8,70,0.1,27-11-2024 20:00,NW,-17.8,No Rain
27-11-2024 21:00,27-11-2024 21:30,1809,Mod 4 Lube Island Virtual,K4 Lube Island Virtual,Grandmeister Unit 9423 Diesel,Grandmeister Unit 9423 Diesel,DIESEL,10491.6,10491.6,0,MANUAL,497,363.66,00:28:51,27-11-2024 21:00,1731,21,21,30.15,Wednesday,Evening,0.731710262,2740504,TRUE,328,-17.1,-11.9,65,0.1,27-11-2024 21:00,NW,-18.9,No Rain
27-11-2024 21:44,27-11-2024 22:15,1868,Mod 4 Lube Island Virtual,K4 Lube Island Virtual,Grandmeister Unit 9425 Diesel,Grandmeister Unit 9425 Diesel,DIESEL,11137.8,11137.8,0,MANUAL,463,373.33,00:29:50,27-11-2024 21:44,1790,21,22,31.13333333,Wednesday,Evening,0.806328294,2740504,TRUE,328,-17.1,-11.9,65,0.1,27-11-2024 21:00,NW,-18.9,No Rain
27-11-2024 23:40,27-11-2024 23:51,653,Mod 1 Lube Island Virtual,K1 Lube Island Virtual,TLP 2101,TPU 4710,DIESEL,3047.9,3047.9,0,MANUAL,376,333.71,00:09:08,27-11-2024 23:40,548,23,23,10.88333333,Wednesday,Evening,0.887526596,2740506,TRUE,321,-18.6,-13,63,0,27-11-2024 23:00,NW,-20.4,No Rain
28-11-2024 00:21,28-11-2024 00:49,1634,Mod 4 Lube Island Virtual,K4 Lube Island Virtual,Grandmeister Unit 9423 Diesel,Grandmeister Unit 9423 Diesel,DIESEL,10203.8,10203.8,0,MANUAL,499,394.22,00:25:53,28-11-2024 00:21,1553,0,0,27.23333333,Thursday,Night,0.79002004,2740507,TRUE,325,-18.9,-13.4,63,0,28-11-2024 00:00,NW,-20.8,No Rain
28-11-2024 00:51,28-11-2024 01:10,1139,Mod 4 Lube Island Virtual,K4 Lube Island Virtual,Grandmeister Unit 9042 Diesel,Grandmeister Unit 9042 Diesel,DIESEL,5607.2,5607.2,0,MANUAL,327,318.29,00:17:37,28-11-2024 00:51,1057,0,1,18.98333333,Thursday,Night,0.973363914,2740507,TRUE,325,-18.9,-13.4,63,0,28-11-2024 00:00,NW,-20.8,No Rain
28-11-2024 01:12,28-11-2024 01:38,1559,Mod 4 Lube Island Virtual,K4 Lube Island Virtual,Grandmeister Unit 9428 Diesel,Grandmeister Unit 9428 Diesel,DIESEL,9703.1,9703.1,0,MANUAL,498,394.43,00:24:36,28-11-2024 01:12,1476,1,1,25.98333333,Thursday,Night,0.792028112,2740508,TRUE,318,-19.1,-13.8,64,0,28-11-2024 01:00,NW,-21,No Rain
28-11-2024 01:32,28-11-2024 02:16,2658,Mod 1 Lube Island Virtual,K1 Lube Island Virtual,Grandmeister Unit 9425 Diesel,Grandmeister Unit 9425 Diesel,DIESEL,14172.5,14172.5,0,MANUAL,387,337.17,00:42:02,28-11-2024 01:32,2522,1,2,44.3,Thursday,Night,0.87124031,2740508,TRUE,318,-19.1,-13.8,64,0,28-11-2024 01:00,NW,-21,No Rain
28-11-2024 02:50,28-11-2024 03:03,789,Mod 1 Lube Island Virtual,K1 Lube Island Virtual,Grandmeister Unit 9423 Diesel,Grandmeister Unit 9423 Diesel,DIESEL,3720.8,3720.8,0,MANUAL,397,328.79,00:11:19,28-11-2024 02:50,679,2,3,13.15,Thursday,Night,0.828186398,2740509,TRUE,324,-19.1,-14.2,66,0,28-11-2024 02:00,NW,-21,No Rain
28-11-2024 04:40,28-11-2024 04:46,367,Mod 1 Lube Island Virtual,K1 Lube Island Virtual,TLP 2101,TPU 4710,DIESEL,1356.2,1356.2,0,MANUAL,372,321.63,00:04:13,28-11-2024 04:40,253,4,4,6.116666667,Thursday,Night,0.864596774,2740511,TRUE,338,-20,-15,65,0,28-11-2024 04:00,N,-22,No Rain
28-11-2024 04:47,28-11-2024 05:04,981,Mod 1 Lube Island Virtual,K1 Lube Island Virtual,Grandmeister Unit 9428 Diesel,Grandmeister Unit 9428 Diesel,DIESEL,5636.4,5636.4,0,MANUAL,394,357.87,00:15:45,28-11-2024 04:47,945,4,5,16.35,Thursday,Night,0.908299492,2740511,TRUE,338,-20,-15,65,0,28-11-2024 04:00,N,-22,No Rain
28-11-2024 05:06,28-11-2024 05:26,1179,Mod 1 Lube Island Virtual,K1 Lube Island Virtual,Grandmeister Unit 9042 Diesel,Grandmeister Unit 9042 Diesel,DIESEL,5384.6,5384.6,0,MANUAL,397,304.21,00:17:42,28-11-2024 05:06,1062,5,5,19.65,Thursday,Night,0.76627204,2740512,TRUE,341,-20.7,-15.5,64,0,28-11-2024 05:00,N,-22.7,No Rain
28-11-2024 05:23,28-11-2024 05:40,1036,Mod 1 Lube Island Virtual,K1 Lube Island Virtual,Grandmeister Unit 9425 Diesel,Grandmeister Unit 9425 Diesel,DIESEL,5128.3,5128.3,0,MANUAL,349,344.95,00:14:52,28-11-2024 05:23,892,5,5,17.26666667,Thursday,Night,0.988395415,2740512,TRUE,341,-20.7,-15.5,64,0,28-11-2024 05:00,N,-22.7,No Rain
28-11-2024 09:07,28-11-2024 09:35,1679,Mod 4 Lube Island Virtual,K4 Lube Island Virtual,Grandmeister Unit 9428 Diesel,Grandmeister Unit 9428 Diesel,DIESEL,9429.1,9429.1,0,MANUAL,473,354.48,00:26:36,28-11-2024 09:07,1596,9,9,27.98333333,Thursday,Morning,0.749429175,2740516,TRUE,330,-21.6,-17.3,69,0,28-11-2024 09:00,NW,-23.5,No Rain
28-11-2024 09:31,28-11-2024 09:38,438,Mod 4 Lube Island Virtual,K4 Lube Island Virtual,TLP 2104,TLP 2104,DIESEL,2002.1,2002.1,0,MANUAL,380,365.12,00:05:29,28-11-2024 09:31,329,9,9,7.3,Thursday,Morning,0.960842105,2740516,TRUE,330,-21.6,-17.3,69,0,28-11-2024 09:00,NW,-23.5,No Rain
28-11-2024 10:28,28-11-2024 10:37,557,Mod 1 Lube Island Virtual,K1 Lube Island Virtual,TLP 2101,TPU 4710,DIESEL,3134.6,3134.6,0,MANUAL,368,365.91,00:08:34,28-11-2024 10:28,514,10,10,9.283333333,Thursday,Morning,0.994320652,2740517,TRUE,303,-22.4,-18.6,72,0,28-11-2024 10:00,NW,-24.2,No Rain
28-11-2024 11:38,28-11-2024 11:54,985,Mod 1 Lube Island Virtual,K1 Lube Island Virtual,Grandmeister Unit 9428 Diesel,Grandmeister Unit 9428 Diesel,DIESEL,5811.3,5811.3,0,MANUAL,379,377.36,00:15:24,28-11-2024 11:38,924,11,11,16.41666667,Thursday,Morning,0.995672823,2740518,TRUE,327,-22.9,-19.2,73,0,28-11-2024 11:00,NW,-24.6,No Rain
28-11-2024 11:55,28-11-2024 12:07,707,Mod 1 Lube Island Virtual,K1 Lube Island Virtual,Grandmeister Unit 9428 Diesel,Grandmeister Unit 9428 Diesel,DIESEL,4091.7,4091.7,0,MANUAL,384,372.54,00:10:59,28-11-2024 11:55,659,11,12,11.78333333,Thursday,Morning,0.97015625,2740518,TRUE,327,-22.9,-19.2,73,0,28-11-2024 11:00,NW,-24.6,No Rain
28-11-2024 12:10,28-11-2024 12:41,1837,Mod 1 Lube Island Virtual,K1 Lube Island Virtual,Grandmeister Unit 9425 Diesel,Grandmeister Unit 9425 Diesel,DIESEL,10380.9,10380.9,0,MANUAL,352,348.55,00:29:47,28-11-2024 12:10,1787,12,12,30.61666667,Thursday,Afternoon,0.990198864,2740519,TRUE,304,-24.1,-20.9,75,0,28-11-2024 12:00,NW,-25.9,No Rain
28-11-2024 12:41,28-11-2024 12:45,276,Mod 1 Lube Island Virtual,K1 Lube Island Virtual,Grandmeister Unit 9425 Diesel,Grandmeister Unit 9425 Diesel,DIESEL,1221.4,1221.4,0,MANUAL,366,306.63,00:03:59,28-11-2024 12:41,239,12,12,4.6,Thursday,Afternoon,0.837786885,2740519,TRUE,304,-24.1,-20.9,75,0,28-11-2024 12:00,NW,-25.9,No Rain
28-11-2024 12:46,28-11-2024 12:51,284,Mod 4 Lube Island Virtual,K4 Lube Island Virtual,TLP 2104,TLP 2104,DIESEL,1050.8,1050.8,0,MANUAL,476,384.44,00:02:44,28-11-2024 12:46,164,12,12,4.733333333,Thursday,Afternoon,0.807647059,2740519,TRUE,304,-24.1,-20.9,75,0,28-11-2024 12:00,NW,-25.9,No Rain
28-11-2024 13:31,28-11-2024 13:42,675,Mod 1 Lube Island Virtual,K1 Lube Island Virtual,TLP 2101,TPU 4710,DIESEL,3243.3,3243.3,0,MANUAL,375,347.5,00:09:20,28-11-2024 13:31,560,13,13,11.25,Thursday,Afternoon,0.926666667,2740520,TRUE,314,-23.9,-20.6,75,0,28-11-2024 13:00,NW,-25.6,No Rain
28-11-2024 15:17,28-11-2024 15:36,1161,Mod 4 Lube Island Virtual,K4 Lube Island Virtual,Grandmeister Unit 9428 Diesel,Grandmeister Unit 9428 Diesel,DIESEL,7587.2,7587.2,0,MANUAL,421,407.18,00:18:38,28-11-2024 15:17,1118,15,15,19.35,Thursday,Afternoon,0.967173397,2740522,TRUE,95,-26,-23,76,0,28-11-2024 15:00,E,-27.8,No Rain
28-11-2024 15:44,28-11-2024 16:02,1063,Mod 1 Lube Island Virtual,K1 Lube Island Virtual,Grandmeister Unit 9425 Diesel,Grandmeister Unit 9425 Diesel,DIESEL,5162.7,5162.7,0,MANUAL,366,338.54,00:15:15,28-11-2024 15:44,915,15,16,17.71666667,Thursday,Afternoon,0.924972678,2740522,TRUE,95,-26,-23,76,0,28-11-2024 15:00,E,-27.8,No Rain
28-11-2024 16:04,28-11-2024 16:10,354,Mod 4 Lube Island Virtual,K4 Lube Island Virtual,TLP 2104,TLP 2104,DIESEL,1398.2,1398.2,0,MANUAL,400,316.57,00:04:25,28-11-2024 16:04,265,16,16,5.9,Thursday,Afternoon,0.791425,2740523,TRUE,61,-26.8,-24,78,0,28-11-2024 16:00,NE,-28.4,No Rain
28-11-2024 17:08,28-11-2024 17:37,1739,Mod 4 Lube Island Virtual,K4 Lube Island Virtual,Grandmeister Unit 9042 Diesel,Grandmeister Unit 9042 Diesel,DIESEL,8972.1,8972.1,0,MANUAL,370,330.06,00:27:11,28-11-2024 17:08,1631,17,17,28.98333333,Thursday,Afternoon,0.892054054,2740524,TRUE,5,-24.4,-21.6,78,0,28-11-2024 17:00,N,-26,No Rain
28-11-2024 17:15,28-11-2024 17:26,607,Mod 1 Lube Island Virtual,K1 Lube Island Virtual,TLP 2101,TPU 4710,DIESEL,2803.1,2803.1,0,MANUAL,372,367.22,00:07:38,28-11-2024 17:15,458,17,17,10.11666667,Thursday,Afternoon,0.987150538,2740524,TRUE,5,-24.4,-21.6,78,0,28-11-2024 17:00,N,-26,No Rain
28-11-2024 17:26,28-11-2024 17:43,1026,Mod 1 Lube Island Virtual,K1 Lube Island Virtual,Grandmeister Unit 9428 Diesel,Grandmeister Unit 9428 Diesel,DIESEL,6215.5,6215.5,0,MANUAL,383,378.99,00:16:24,28-11-2024 17:26,984,17,17,17.1,Thursday,Afternoon,0.989530026,2740524,TRUE,5,-24.4,-21.6,78,0,28-11-2024 17:00,N,-26,No Rain
28-11-2024 20:29,28-11-2024 20:48,1118,Mod 4 Lube Island Virtual,K4 Lube Island Virtual,Grandmeister Unit 9425 Diesel,Grandmeister Unit 9425 Diesel,DIESEL,6623.2,6623.2,0,MANUAL,457,382.84,00:17:18,28-11-2024 20:29,1038,20,20,18.63333333,Thursday,Evening,0.837724289,2740527,TRUE,184,-23.3,-19.3,71,0,28-11-2024 20:00,S,-25.1,No Rain
28-11-2024 20:50,28-11-2024 21:13,1409,Mod 4 Lube Island Virtual,K4 Lube Island Virtual,Grandmeister Unit 9428 Diesel,Grandmeister Unit 9428 Diesel,DIESEL,8929.7,8929.7,0,MANUAL,487,406.2,00:21:59,28-11-2024 20:50,1319,20,21,23.48333333,Thursday,Evening,0.834086242,2740527,TRUE,184,-23.3,-19.3,71,0,28-11-2024 20:00,S,-25.1,No Rain
28-11-2024 21:19,28-11-2024 21:22,192,Mod 4 Lube Island Virtual,K4 Lube Island Virtual,Grandmeister Unit 9428 Diesel,Grandmeister Unit 9428 Diesel,DIESEL,897.3,897.3,0,MANUAL,352,332.33,00:02:42,28-11-2024 21:19,162,21,21,3.2,Thursday,Evening,0.944119318,2740528,TRUE,341,-23.8,-19.5,69,0,28-11-2024 21:00,N,-25.7,No Rain
29-11-2024 00:01,29-11-2024 00:31,1842,Mod 1 Lube Island Virtual,K1 Lube Island Virtual,Grandmeister Unit 9423 Diesel,Grandmeister Unit 9423 Diesel,DIESEL,10641.3,10641.3,0,MANUAL,394,354.91,00:29:59,29-11-2024 00:01,1799,0,0,30.7,Friday,Night,0.900786802,2740531,TRUE,20,-23.1,-20.5,80,0,29-11-2024 00:00,N,-24.5,No Rain
29-11-2024 00:19,29-11-2024 00:41,1354,Mod 4 Lube Island Virtual,K4 Lube Island Virtual,Grandmeister Unit 9428 Diesel,Grandmeister Unit 9428 Diesel,DIESEL,8508.9,8508.9,0,MANUAL,418,403.58,00:21:05,29-11-2024 00:19,1265,0,0,22.56666667,Friday,Night,0.965502392,2740531,TRUE,20,-23.1,-20.5,80,0,29-11-2024 00:00,N,-24.5,No Rain
29-11-2024 00:39,29-11-2024 00:49,612,Mod 1 Lube Island Virtual,K1 Lube Island Virtual,TLP 2101,TPU 4710,DIESEL,2844.2,2844.2,0,MANUAL,376,345.45,00:08:14,29-11-2024 00:39,494,0,0,10.2,Friday,Night,0.91875,2740531,TRUE,20,-23.1,-20.5,80,0,29-11-2024 00:00,N,-24.5,No Rain
29-11-2024 00:43,29-11-2024 01:03,1212,Mod 4 Lube Island Virtual,K4 Lube Island Virtual,Grandmeister Unit 9042 Diesel,Grandmeister Unit 9042 Diesel,DIESEL,6059.9,6059.9,0,MANUAL,353,322.62,00:18:47,29-11-2024 00:43,1127,0,1,20.2,Friday,Night,0.913937677,2740531,TRUE,20,-23.1,-20.5,80,0,29-11-2024 00:00,N,-24.5,No Rain
29-11-2024 02:36,29-11-2024 03:16,2452,Mod 4 Lube Island Virtual,K4 Lube Island Virtual,Grandmeister Unit 9425 Diesel,Grandmeister Unit 9425 Diesel,DIESEL,13891,13891,0,MANUAL,457,351.23,00:39:33,29-11-2024 02:36,2373,2,3,40.86666667,Friday,Night,0.768555799,2740533,TRUE,18,-24.9,-21.8,76,0,29-11-2024 02:00,N,-26.6,No Rain
29-11-2024 04:07,29-11-2024 04:19,742,Mod 1 Lube Island Virtual,K1 Lube Island Virtual,Grandmeister Unit 9042 Diesel,Grandmeister Unit 9042 Diesel,DIESEL,3356.3,3356.3,0,MANUAL,396,322.2,00:10:25,29-11-2024 04:07,625,4,4,12.36666667,Friday,Night,0.813636364,2740535,TRUE,6,-26.3,-23,74,0,29-11-2024 04:00,N,-28.2,No Rain
29-11-2024 04:34,29-11-2024 04:40,366,Mod 1 Lube Island Virtual,K1 Lube Island Virtual,TLP 2101,TPU 4710,DIESEL,1498.5,1498.5,0,MANUAL,373,353.98,00:04:14,29-11-2024 04:34,254,4,4,6.1,Friday,Night,0.949008043,2740535,TRUE,6,-26.3,-23,74,0,29-11-2024 04:00,N,-28.2,No Rain
29-11-2024 04:42,29-11-2024 05:12,1756,Mod 1 Lube Island Virtual,K1 Lube Island Virtual,Grandmeister Unit 9423 Diesel,Grandmeister Unit 9423 Diesel,DIESEL,9432.7,9432.7,0,MANUAL,396,344.05,00:27:25,29-11-2024 04:42,1645,4,5,29.26666667,Friday,Night,0.868813131,2740535,TRUE,6,-26.3,-23,74,0,29-11-2024 04:00,N,-28.2,No Rain
29-11-2024 09:13,29-11-2024 09:35,1289,Mod 4 Lube Island Virtual,K4 Lube Island Virtual,Grandmeister Unit 9428 Diesel,Grandmeister Unit 9428 Diesel,DIESEL,7661.8,7661.8,0,MANUAL,493,380.55,00:20:08,29-11-2024 09:13,1208,9,9,21.48333333,Friday,Morning,0.771906694,2740540,TRUE,215,-29.9,-27,76,0,29-11-2024 09:00,SW,-31.8,No Rain
29-11-2024 09:41,29-11-2024 10:09,1664,Mod 4 Lube Island Virtual,K4 Lube Island Virtual,Grandmeister Unit 9423 Diesel,Grandmeister Unit 9423 Diesel,DIESEL,10509.2,10509.2,0,MANUAL,469,386.6,00:27:11,29-11-2024 09:41,1631,9,10,27.73333333,Friday,Morning,0.824307036,2740540,TRUE,215,-29.9,-27,76,0,29-11-2024 09:00,SW,-31.8,No Rain
29-11-2024 10:11,29-11-2024 10:22,663,Mod 1 Lube Island Virtual,K1 Lube Island Virtual,TLP 2101,TPU 4710,DIESEL,3201,3201,0,MANUAL,375,351.12,00:09:07,29-11-2024 10:11,547,10,10,11.05,Friday,Morning,0.93632,2740541,TRUE,45,-30.5,-27.3,74,0,29-11-2024 10:00,NE,-32.5,No Rain
29-11-2024 11:09,29-11-2024 11:17,506,Grandmeister Unit 9423 Diesel,Grandmeister Unit 9423 Diesel,TLP 2104,TLP 2104,DIESEL,996.9,996.9,0,MANUAL,369,334.16,00:02:59,29-11-2024 11:09,179,11,11,8.433333333,Friday,Morning,0.905582656,2740542,TRUE,239,-30.7,-27.6,75,0,29-11-2024 11:00,SW,-32.6,No Rain
29-11-2024 12:29,29-11-2024 12:57,1723,Mod 4 Lube Island Virtual,K4 Lube Island Virtual,Grandmeister Unit 9423 Diesel,Grandmeister Unit 9423 Diesel,DIESEL,10331.7,10331.7,0,MANUAL,496,367.68,00:28:06,29-11-2024 12:29,1686,12,12,28.71666667,Friday,Afternoon,0.741290323,2740543,TRUE,196,-31.4,-28.3,74,0,29-11-2024 12:00,S,-33.5,No Rain
29-11-2024 13:29,29-11-2024 13:39,609,Mod 4 Lube Island Virtual,K4 Lube Island Virtual,TLP 2101,TPU 4710,DIESEL,3250.2,3250.2,0,MANUAL,374,362.48,00:08:58,29-11-2024 13:29,538,13,13,10.15,Friday,Afternoon,0.969197861,2740544,TRUE,231,-30.2,-27.1,75,0,29-11-2024 13:00,SW,-32.1,No Rain
29-11-2024 13:42,29-11-2024 14:13,1883,Mod 4 Lube Island Virtual,K4 Lube Island Virtual,Grandmeister Unit 9425 Diesel,Grandmeister Unit 9425 Diesel,DIESEL,9852.5,9852.5,0,MANUAL,335,330.99,00:29:46,29-11-2024 13:42,1786,13,14,31.38333333,Friday,Afternoon,0.988029851,2740544,TRUE,231,-30.2,-27.1,75,0,29-11-2024 13:00,SW,-32.1,No Rain
29-11-2024 14:13,29-11-2024 14:22,553,Mod 4 Lube Island Virtual,K4 Lube Island Virtual,Grandmeister Unit 9425 Diesel,Grandmeister Unit 9425 Diesel,DIESEL,3166.3,3166.3,0,MANUAL,457,363.94,00:08:42,29-11-2024 14:13,522,14,14,9.216666667,Friday,Afternoon,0.796367615,2740545,TRUE,277,-30.7,-27.4,74,0,29-11-2024 14:00,W,-32.6,No Rain
29-11-2024 14:25,29-11-2024 14:52,1649,Mod 4 Lube Island Virtual,K4 Lube Island Virtual,Grandmeister Unit 9423 Diesel,Grandmeister Unit 9423 Diesel,DIESEL,10676.1,10676.1,0,MANUAL,499,396.14,00:26:57,29-11-2024 14:25,1617,14,14,27.48333333,Friday,Afternoon,0.793867735,2740545,TRUE,277,-30.7,-27.4,74,0,29-11-2024 14:00,W,-32.6,No Rain
29-11-2024 16:01,29-11-2024 16:09,489,Mod 4 Lube Island Virtual,K4 Lube Island Virtual,TLP 2104,TLP 2104,DIESEL,2441.8,2441.8,0,MANUAL,483,397.04,00:06:09,29-11-2024 16:01,369,16,16,8.15,Friday,Afternoon,0.822028986,2740547,TRUE,58,-32.3,-29,73,0,29-11-2024 16:00,NE,-34.4,No Rain
29-11-2024 16:15,29-11-2024 16:26,685,Mod 1 Lube Island Virtual,K1 Lube Island Virtual,TLP 2101,TPU 4710,DIESEL,3256.7,3256.7,0,MANUAL,368,336.32,00:09:41,29-11-2024 16:15,581,16,16,11.41666667,Friday,Afternoon,0.913913043,2740547,TRUE,58,-32.3,-29,73,0,29-11-2024 16:00,NE,-34.4,No Rain
29-11-2024 16:35,29-11-2024 17:00,1483,Mod 4 Lube Island Virtual,K4 Lube Island Virtual,Grandmeister Unit 9042 Diesel,Grandmeister Unit 9042 Diesel,DIESEL,7944.4,7944.4,0,MANUAL,451,349.97,00:22:42,29-11-2024 16:35,1362,16,17,24.71666667,Friday,Afternoon,0.775986696,2740547,TRUE,58,-32.3,-29,73,0,29-11-2024 16:00,NE,-34.4,No Rain
29-11-2024 16:52,29-11-2024 17:21,1753,Mod 1 Lube Island Virtual,K1 Lube Island Virtual,Grandmeister Unit 9423 Diesel,Grandmeister Unit 9423 Diesel,DIESEL,10515.4,10515.4,0,MANUAL,388,367.46,00:28:37,29-11-2024 16:52,1717,16,17,29.21666667,Friday,Afternoon,0.947061856,2740547,TRUE,58,-32.3,-29,73,0,29-11-2024 16:00,NE,-34.4,No Rain
29-11-2024 20:46,29-11-2024 20:58,696,Mod 1 Lube Island Virtual,K1 Lube Island Virtual,TLP 2101,TPU 4710,DIESEL,3023.1,3023.1,0,MANUAL,369,316,00:09:34,29-11-2024 20:46,574,20,20,11.6,Friday,Evening,0.856368564,2740551,TRUE,356,-25.9,-22.4,73,0,29-11-2024 20:00,N,-27.8,No Rain
29-11-2024 20:56,29-11-2024 21:18,1307,Mod 4 Lube Island Virtual,K4 Lube Island Virtual,Grandmeister Unit 9425 Diesel,Grandmeister Unit 9425 Diesel,DIESEL,7599.5,7599.5,0,MANUAL,467,372.22,00:20:25,29-11-2024 20:56,1225,20,21,21.78333333,Friday,Evening,0.797044968,2740551,TRUE,356,-25.9,-22.4,73,0,29-11-2024 20:00,N,-27.8,No Rain
29-11-2024 21:07,29-11-2024 21:23,941,Mod 1 Lube Island Virtual,K1 Lube Island Virtual,Grandmeister Unit 9423 Diesel,Grandmeister Unit 9423 Diesel,DIESEL,5817.8,5817.8,0,MANUAL,388,385.71,00:15:05,29-11-2024 21:07,905,21,21,15.68333333,Friday,Evening,0.994097938,2740552,TRUE,331,-26.2,-22.9,74,0,29-11-2024 21:00,NW,-28.1,No Rain
30-11-2024 00:24,30-11-2024 00:37,784,Mod 4 Lube Island Virtual,K4 Lube Island Virtual,Grandmeister Unit 9423 Diesel,Grandmeister Unit 9423 Diesel,DIESEL,4634,4634,0,MANUAL,451,393.82,00:11:46,30-11-2024 00:24,706,0,0,13.06666667,Saturday,Night,0.873215078,2740555,TRUE,353,-27,-24.2,77,0,30-11-2024 00:00,N,-28.8,No Rain
30-11-2024 01:57,30-11-2024 02:38,2486,Mod 4 Lube Island Virtual,K4 Lube Island Virtual,Grandmeister Unit 9425 Diesel,Grandmeister Unit 9425 Diesel,DIESEL,13825.3,13825.3,0,MANUAL,406,344.63,00:40:07,30-11-2024 01:57,2407,1,2,41.43333333,Saturday,Night,0.848842365,2740556,TRUE,356,-27.3,-24.4,77,0,30-11-2024 01:00,N,-29,No Rain
30-11-2024 03:10,30-11-2024 03:16,362,Mod 4 Lube Island Virtual,K4 Lube Island Virtual,Grandmeister Unit 9423 Diesel,Grandmeister Unit 9423 Diesel,DIESEL,2091.6,2091.6,0,MANUAL,501,380.29,00:05:30,30-11-2024 03:10,330,3,3,6.033333333,Saturday,Night,0.759061876,2740558,TRUE,5,-27.9,-25.1,77,0,30-11-2024 03:00,N,-29.7,No Rain
30-11-2024 03:11,30-11-2024 03:17,393,Mod 4 Lube Island Virtual,K4 Lube Island Virtual,Grandmeister Unit 9042 Diesel,Grandmeister Unit 9042 Diesel,DIESEL,1544,1544,0,MANUAL,442,353.59,00:04:22,30-11-2024 03:11,262,3,3,6.55,Saturday,Night,0.799977376,2740558,TRUE,5,-27.9,-25.1,77,0,30-11-2024 03:00,N,-29.7,No Rain
30-11-2024 04:07,30-11-2024 04:17,631,Mod 1 Lube Island Virtual,K1 Lube Island Virtual,TLP 2101,TPU 4710,DIESEL,2932.6,2932.6,0,MANUAL,370,341.66,00:08:35,30-11-2024 04:07,515,4,4,10.51666667,Saturday,Night,0.923405405,2740559,TRUE,336,-28.8,-25.8,76,0,30-11-2024 04:00,NW,-30.6,No Rain
30-11-2024 05:37,30-11-2024 05:59,1318,Mod 4 Lube Island Virtual,K4 Lube Island Virtual,Grandmeister Unit 9042 Diesel,Grandmeister Unit 9042 Diesel,DIESEL,6878.2,6878.2,0,MANUAL,359,331.75,00:20:44,30-11-2024 05:37,1244,5,5,21.96666667,Saturday,Night,0.924094708,2740560,TRUE,7,-28.9,-25.9,76,0,30-11-2024 05:00,N,-30.7,No Rain
30-11-2024 09:40,30-11-2024 09:50,621,Mod 1 Lube Island Virtual,K1 Lube Island Virtual,TLP 2102,TPUXXX1,DIESEL,3209.3,3209.3,0,MANUAL,396,392.18,00:08:11,30-11-2024 09:40,491,9,9,10.35,Saturday,Morning,0.990353535,2740564,TRUE,0,-29.7,-26.6,75,0,30-11-2024 09:00,N,-31.6,No Rain
30-11-2024 09:44,30-11-2024 10:10,1555,Mod 4 Lube Island Virtual,K4 Lube Island Virtual,Grandmeister Unit 9423 Diesel,Grandmeister Unit 9423 Diesel,DIESEL,10208.6,10208.6,0,MANUAL,504,402.44,00:25:22,30-11-2024 09:44,1522,9,10,25.91666667,Saturday,Morning,0.798492063,2740564,TRUE,0,-29.7,-26.6,75,0,30-11-2024 09:00,N,-31.6,No Rain
30-11-2024 10:22,30-11-2024 10:49,1648,Mod 4 Lube Island Virtual,K4 Lube Island Virtual,Grandmeister Unit 9428 Diesel,Grandmeister Unit 9428 Diesel,DIESEL,9367.4,9367.4,0,MANUAL,491,359.82,00:26:02,30-11-2024 10:22,1562,10,10,27.46666667,Saturday,Morning,0.732830957,2740565,TRUE,12,-29.4,-26.4,75,0,30-11-2024 10:00,N,-31.4,No Rain
30-11-2024 11:22,30-11-2024 11:51,1734,Mod 4 Lube Island Virtual,K4 Lube Island Virtual,Grandmeister Unit 9425 Diesel,Grandmeister Unit 9425 Diesel,DIESEL,10919.6,10919.6,0,MANUAL,406,391.38,00:27:54,30-11-2024 11:22,1674,11,11,28.9,Saturday,Morning,0.963990148,2740566,TRUE,12,-29.6,-26.4,75,0,30-11-2024 11:00,N,-31.4,No Rain
30-11-2024 11:53,30-11-2024 12:21,1652,Mod 4 Lube Island Virtual,K4 Lube Island Virtual,Grandmeister Unit 9423 Diesel,Grandmeister Unit 9423 Diesel,DIESEL,9631.3,9631.3,0,MANUAL,492,356.71,00:27:00,30-11-2024 11:53,1620,11,12,27.53333333,Saturday,Morning,0.725020325,2740566,TRUE,12,-29.6,-26.4,75,0,30-11-2024 11:00,N,-31.4,No Rain
30-11-2024 12:48,30-11-2024 12:57,536,Mod 4 Lube Island Virtual,K4 Lube Island Virtual,TLP 2101,TPU 4710,DIESEL,2645.4,2645.4,0,MANUAL,391,389.03,00:06:48,30-11-2024 12:48,408,12,12,8.933333333,Saturday,Afternoon,0.994961637,2740567,TRUE,348,-29.3,-26.2,75,0.1,30-11-2024 12:00,N,-31.2,No Rain
30-11-2024 13:29,30-11-2024 13:50,1274,Mod 1 Lube Island Virtual,K1 Lube Island Virtual,Grandmeister Unit 9423 Diesel,Grandmeister Unit 9423 Diesel,DIESEL,7812.1,7812.1,0,MANUAL,387,383.26,00:20:23,30-11-2024 13:29,1223,13,13,21.23333333,Saturday,Afternoon,0.990335917,2740568,TRUE,338,-29.4,-26.2,75,0,30-11-2024 13:00,N,-31.2,No Rain
30-11-2024 13:38,30-11-2024 13:46,479,Mod 4 Lube Island Virtual,K4 Lube Island Virtual,TLP 2102,TPUXXX1,DIESEL,3020.7,3020.7,0,MANUAL,417,400.98,00:07:32,30-11-2024 13:38,452,13,13,7.983333333,Saturday,Afternoon,0.961582734,2740568,TRUE,338,-29.4,-26.2,75,0,30-11-2024 13:00,N,-31.2,No Rain
30-11-2024 15:17,30-11-2024 15:46,1759,Mod 4 Lube Island Virtual,K4 Lube Island Virtual,Grandmeister Unit 9423 Diesel,Grandmeister Unit 9423 Diesel,DIESEL,10402.8,10402.8,0,MANUAL,498,362.05,00:28:44,30-11-2024 15:17,1724,15,15,29.31666667,Saturday,Afternoon,0.727008032,2740570,TRUE,11,-28.6,-25.5,75,0,30-11-2024 15:00,N,-30.5,No Rain
30-11-2024 15:49,30-11-2024 16:08,1159,Mod 4 Lube Island Virtual,K4 Lube Island Virtual,Grandmeister Unit 9428 Diesel,Grandmeister Unit 9428 Diesel,DIESEL,7199.1,7199.1,0,MANUAL,463,400.69,00:17:58,30-11-2024 15:49,1078,15,16,19.31666667,Saturday,Afternoon,0.865421166,2740570,TRUE,11,-28.6,-25.5,75,0,30-11-2024 15:00,N,-30.5,No Rain
30-11-2024 15:56,30-11-2024 16:00,272,Mod 4 Lube Island Virtual,K4 Lube Island Virtual,TLP 2101,TPU 4710,DIESEL,951.2,951.2,0,MANUAL,361,354.48,00:02:41,30-11-2024 15:56,161,15,16,4.533333333,Saturday,Afternoon,0.981939058,2740570,TRUE,11,-28.6,-25.5,75,0,30-11-2024 15:00,N,-30.5,No Rain
30-11-2024 16:05,30-11-2024 16:14,537,Mod 4 Lube Island Virtual,K4 Lube Island Virtual,TLP 2101,TPU 4710,DIESEL,2667.3,2667.3,0,MANUAL,481,404.14,00:06:36,30-11-2024 16:05,396,16,16,8.95,Saturday,Afternoon,0.8402079,2740571,TRUE,8,-28,-24.9,76,0.1,30-11-2024 16:00,N,-29.7,No Rain
30-11-2024 16:32,30-11-2024 16:57,1480,Mod 4 Lube Island Virtual,K4 Lube Island Virtual,Grandmeister Unit 9042 Diesel,Grandmeister Unit 9042 Diesel,DIESEL,9173,9173,0,MANUAL,470,383.27,00:23:56,30-11-2024 16:32,1436,16,16,24.66666667,Saturday,Afternoon,0.815468085,2740571,TRUE,8,-28,-24.9,76,0.1,30-11-2024 16:00,N,-29.7,No Rain
30-11-2024 16:59,30-11-2024 17:24,1537,Mod 4 Lube Island Virtual,K4 Lube Island Virtual,Grandmeister Unit 9425 Diesel,Grandmeister Unit 9425 Diesel,DIESEL,7941.5,7941.5,0,MANUAL,450,321.52,00:24:42,30-11-2024 16:59,1482,16,17,25.61666667,Saturday,Afternoon,0.714488889,2740571,TRUE,8,-28,-24.9,76,0.1,30-11-2024 16:00,N,-29.7,No Rain
30-11-2024 17:05,30-11-2024 17:24,1187,Mod 1 Lube Island Virtual,K1 Lube Island Virtual,Grandmeister Unit 9423 Diesel,Grandmeister Unit 9423 Diesel,DIESEL,7339.9,7339.9,0,MANUAL,392,382.62,00:19:11,30-11-2024 17:05,1151,17,17,19.78333333,Saturday,Afternoon,0.976071429,2740572,TRUE,333,-27,-23.9,76,0.1,30-11-2024 17:00,NW,-28.7,No Rain
30-11-2024 17:38,30-11-2024 17:46,485,Mod 4 Lube Island Virtual,K4 Lube Island Virtual,TLP 2102,TPUXXX1,DIESEL,2339.3,2339.3,0,MANUAL,456,363.62,00:06:26,30-11-2024 17:38,386,17,17,8.083333333,Saturday,Afternoon,0.797412281,2740572,TRUE,333,-27,-23.9,76,0.1,30-11-2024 17:00,NW,-28.7,No Rain
30-11-2024 20:05,30-11-2024 20:20,922,Mod 4 Lube Island Virtual,K4 Lube Island Virtual,Grandmeister Unit 9423 Diesel,Grandmeister Unit 9423 Diesel,DIESEL,5993.8,5993.8,0,MANUAL,492,406.82,00:14:44,30-11-2024 20:05,884,20,20,15.36666667,Saturday,Evening,0.826869919,2740575,TRUE,327,-23.8,-20.9,78,0,30-11-2024 20:00,NW,-25.3,No Rain
30-11-2024 22:14,30-11-2024 22:25,710,Mod 1 Lube Island Virtual,K1 Lube Island Virtual,TLP 2101,TPU 4710,DIESEL,3069.9,3069.9,0,MANUAL,373,307.5,00:09:59,30-11-2024 22:14,599,22,22,11.83333333,Saturday,Evening,0.824396783,2740577,TRUE,332,-23,-20.3,79,0.1,30-11-2024 22:00,NW,-24.5,No Rain
30-11-2024 23:02,30-11-2024 23:40,2267,Mod 4 Lube Island Virtual,K4 Lube Island Virtual,Grandmeister Unit 9425 Diesel,Grandmeister Unit 9425 Diesel,DIESEL,12600.1,12600.1,0,MANUAL,460,346.47,00:36:22,30-11-2024 23:02,2182,23,23,37.78333333,Saturday,Evening,0.753195652,2740578,TRUE,353,-22.9,-20.1,79,0.2,30-11-2024 23:00,N,-24.3,No Rain
30-11-2024 23:34,01-12-2024 00:00,1542,Mod 1 Lube Island Virtual,K1 Lube Island Virtual,Grandmeister Unit 9423 Diesel,Grandmeister Unit 9423 Diesel,DIESEL,8960,8960,0,MANUAL,391,375.94,00:23:50,30-11-2024 23:34,1430,23,0,25.7,Saturday,Evening,0.961483376,2740578,TRUE,353,-22.9,-20.1,79,0.2,30-11-2024 23:00,N,-24.3,No Rain
01-12-2024 01:40,01-12-2024 02:05,1479,Mod 4 Lube Island Virtual,K4 Lube Island Virtual,Grandmeister Unit 9428 Diesel,Grandmeister Unit 9428 Diesel,DIESEL,7459.8,7459.8,0,MANUAL,355,318.57,00:23:25,01-12-2024 01:40,1405,1,2,24.65,Sunday,Night,0.897380282,2740580,TRUE,341,-22.8,-20.1,79,0.1,01-12-2024 01:00,N,-24.3,No Rain
01-12-2024 02:07,01-12-2024 02:22,931,Mod 4 Lube Island Virtual,K4 Lube Island Virtual,Grandmeister Unit 9425 Diesel,Grandmeister Unit 9425 Diesel,DIESEL,5401.5,5401.5,0,MANUAL,407,382.18,00:14:08,01-12-2024 02:07,848,2,2,15.51666667,Sunday,Night,0.939017199,2740581,TRUE,342,-22.7,-20,79,0.1,01-12-2024 02:00,N,-24.2,No Rain
01-12-2024 02:45,01-12-2024 02:51,366,Mod 1 Lube Island Virtual,K1 Lube Island Virtual,TLP 2101,TPU 4710,DIESEL,1329.5,1329.5,0,MANUAL,364,360.95,00:03:41,01-12-2024 02:45,221,2,2,6.1,Sunday,Night,0.991620879,2740581,TRUE,342,-22.7,-20,79,0.1,01-12-2024 02:00,N,-24.2,No Rain
01-12-2024 03:42,01-12-2024 03:50,485,Mod 4 Lube Island Virtual,K4 Lube Island Virtual,TLP 2104,TLP 2104,DIESEL,2894.7,2894.7,0,MANUAL,401,396.53,00:07:18,01-12-2024 03:42,438,3,3,8.083333333,Sunday,Night,0.988852868,2740582,TRUE,340,-22.7,-20,79,0.1,01-12-2024 03:00,N,-24.2,No Rain
01-12-2024 04:03,01-12-2024 04:18,882,Mod 1 Lube Island Virtual,K1 Lube Island Virtual,Grandmeister Unit 9423 Diesel,Grandmeister Unit 9423 Diesel,DIESEL,4381.7,4381.7,0,MANUAL,366,328.63,00:13:20,01-12-2024 04:03,800,4,4,14.7,Sunday,Night,0.897896175,2740583,TRUE,324,-23,-20.3,79,0.1,01-12-2024 04:00,NW,-24.5,No Rain
01-12-2024 04:31,01-12-2024 04:38,423,Mod 4 Lube Island Virtual,K4 Lube Island Virtual,Grandmeister Unit 9428 Diesel,Grandmeister Unit 9428 Diesel,DIESEL,2133.3,2133.3,0,MANUAL,420,376.46,00:05:40,01-12-2024 04:31,340,4,4,7.05,Sunday,Night,0.896333333,2740583,TRUE,324,-23,-20.3,79,0.1,01-12-2024 04:00,NW,-24.5,No Rain
01-12-2024 09:17,01-12-2024 09:44,1644,Mod 1 Lube Island Virtual,K1 Lube Island Virtual,Grandmeister Unit 9423 Diesel,Grandmeister Unit 9423 Diesel,DIESEL,10366,10366,0,MANUAL,391,388.48,00:26:41,01-12-2024 09:17,1601,9,9,27.4,Sunday,Morning,0.993554987,2740588,TRUE,8,-27,-23.9,75,0,01-12-2024 09:00,N,-28.9,No Rain
01-12-2024 10:13,01-12-2024 10:23,613,Mod 1 Lube Island Virtual,K1 Lube Island Virtual,TLP 2102,TPUXXX1,DIESEL,3272.6,3272.6,0,MANUAL,398,392.71,00:08:20,01-12-2024 10:13,500,10,10,10.21666667,Sunday,Morning,0.986708543,2740589,TRUE,332,-27.7,-24.6,76,0,01-12-2024 10:00,NW,-29.4,No Rain
01-12-2024 10:59,01-12-2024 11:16,1017,Mod 1 Lube Island Virtual,K1 Lube Island Virtual,Grandmeister Unit 9425 Diesel,Grandmeister Unit 9425 Diesel,DIESEL,5826.4,5826.4,0,MANUAL,361,351.69,00:16:34,01-12-2024 10:59,994,10,11,16.95,Sunday,Morning,0.974210526,2740589,TRUE,332,-27.7,-24.6,76,0,01-12-2024 10:00,NW,-29.4,No Rain
01-12-2024 11:19,01-12-2024 11:48,1706,Mod 1 Lube Island Virtual,K1 Lube Island Virtual,Grandmeister Unit 9423 Diesel,Grandmeister Unit 9423 Diesel,DIESEL,10658.5,10658.5,0,MANUAL,391,386.64,00:27:34,01-12-2024 11:19,1654,11,11,28.43333333,Sunday,Morning,0.988849105,2740590,TRUE,350,-28,-25,76,0,01-12-2024 11:00,N,-29.8,No Rain
01-12-2024 12:20,01-12-2024 12:28,478,Mod 4 Lube Island Virtual,K4 Lube Island Virtual,TLP 2102,TPUXXX1,DIESEL,2057.5,2057.5,0,MANUAL,457,359.91,00:05:43,01-12-2024 12:20,343,12,12,7.966666667,Sunday,Afternoon,0.787549234,2740591,TRUE,340,-29,-25.9,75,0,01-12-2024 12:00,N,-30.9,No Rain
01-12-2024 13:23,01-12-2024 13:58,2118,Mod 1 Lube Island Virtual,K1 Lube Island Virtual,Grandmeister Unit 9425 Diesel,Grandmeister Unit 9425 Diesel,DIESEL,11823.9,11823.9,0,MANUAL,357,342.56,00:34:31,01-12-2024 13:23,2071,13,13,35.3,Sunday,Afternoon,0.959551821,2740592,TRUE,307,-30.5,-27.2,74,0,01-12-2024 13:00,NW,-32.4,No Rain
01-12-2024 14:07,01-12-2024 14:16,575,Mod 4 Lube Island Virtual,K4 Lube Island Virtual,TLP 2101,TPU 4710,DIESEL,2148.3,2148.3,0,MANUAL,336,332.21,00:06:28,01-12-2024 14:07,388,14,14,9.583333333,Sunday,Afternoon,0.988720238,2740593,TRUE,334,-30.4,-27.4,75,0,01-12-2024 14:00,NW,-32.4,No Rain
01-12-2024 14:55,01-12-2024 15:30,2128,Mod 4 Lube Island Virtual,K4 Lube Island Virtual,Grandmeister Unit 9425 Diesel,Grandmeister Unit 9425 Diesel,DIESEL,12125.2,12125.2,0,MANUAL,482,346.6,00:34:59,01-12-2024 14:55,2099,14,15,35.46666667,Sunday,Afternoon,0.719087137,2740593,TRUE,334,-30.4,-27.4,75,0,01-12-2024 14:00,NW,-32.4,No Rain
01-12-2024 15:59,01-12-2024 16:06,421,Mod 4 Lube Island Virtual,K4 Lube Island Virtual,TLP 2102,TPUXXX1,DIESEL,2300.9,2300.9,0,MANUAL,417,401.32,00:05:44,01-12-2024 15:59,344,15,16,7.016666667,Sunday,Afternoon,0.962398082,2740594,TRUE,154,-31.3,-28.3,75,0,01-12-2024 15:00,SE,-33.3,No Rain
01-12-2024 16:14,01-12-2024 16:23,530,Mod 4 Lube Island Virtual,K4 Lube Island Virtual,TLP 2101,TPU 4710,DIESEL,3017.8,3017.8,0,MANUAL,427,408.73,00:07:23,01-12-2024 16:14,443,16,16,8.833333333,Sunday,Afternoon,0.957213115,2740595,TRUE,125,-30.9,-27.9,75,0,01-12-2024 16:00,SE,-32.9,No Rain
01-12-2024 16:40,01-12-2024 17:05,1549,Mod 4 Lube Island Virtual,K4 Lube Island Virtual,Grandmeister Unit 9042 Diesel,Grandmeister Unit 9042 Diesel,DIESEL,9099.9,9099.9,0,MANUAL,447,373.97,00:24:20,01-12-2024 16:40,1460,16,17,25.81666667,Sunday,Afternoon,0.836621924,2740595,TRUE,125,-30.9,-27.9,75,0,01-12-2024 16:00,SE,-32.9,No Rain
01-12-2024 17:09,01-12-2024 17:40,1882,Mod 4 Lube Island Virtual,K4 Lube Island Virtual,Grandmeister Unit 9425 Diesel,Grandmeister Unit 9425 Diesel,DIESEL,11653.6,11653.6,0,MANUAL,486,377.55,00:30:52,01-12-2024 17:09,1852,17,17,31.36666667,Sunday,Afternoon,0.776851852,2740596,TRUE,144,-29.6,-26.4,74,0,01-12-2024 17:00,SE,-31.6,No Rain
01-12-2024 18:29,01-12-2024 19:06,2235,Mod 1 Lube Island Virtual,K1 Lube Island Virtual,Grandmeister Unit 9423 Diesel,Grandmeister Unit 9423 Diesel,DIESEL,11267.7,11267.7,0,MANUAL,393,323.01,00:34:53,01-12-2024 18:29,2093,18,19,37.25,Sunday,Evening,0.821908397,2740597,TRUE,133,-26,-22.9,75,0,01-12-2024 18:00,SE,-27.9,No Rain
01-12-2024 21:54,01-12-2024 22:02,470,Mod 1 Lube Island Virtual,K1 Lube Island Virtual,TLP 2101,TPU 4710,DIESEL,2171.4,2171.4,0,MANUAL,372,365.97,00:05:56,01-12-2024 21:54,356,21,22,7.833333333,Sunday,Evening,0.983790323,2740600,TRUE,138,-26.4,-22.7,71,0,01-12-2024 21:00,SE,-28.5,No Rain
01-12-2024 22:02,01-12-2024 22:26,1454,Mod 4 Lube Island Virtual,K4 Lube Island Virtual,Grandmeister Unit 9425 Diesel,Grandmeister Unit 9425 Diesel,DIESEL,8602.2,8602.2,0,MANUAL,462,380.07,00:22:38,01-12-2024 22:02,1358,22,22,24.23333333,Sunday,Evening,0.822662338,2740601,TRUE,116,-26.6,-23.3,75,0,01-12-2024 22:00,SE,-28.3,No Rain
02-12-2024 00:10,02-12-2024 00:41,1869,Mod 4 Lube Island Virtual,K4 Lube Island Virtual,Grandmeister Unit 9425 Diesel,Grandmeister Unit 9425 Diesel,DIESEL,9647.1,9647.1,0,MANUAL,328,323.73,00:29:48,02-12-2024 00:10,1788,0,0,31.15,Monday,Night,0.986981707,2740603,TRUE,91,-26.8,-23.7,76,0,02-12-2024 00:00,E,-28.5,No Rain
02-12-2024 00:17,02-12-2024 00:44,1621,Mod 1 Lube Island Virtual,K1 Lube Island Virtual,Grandmeister Unit 9423 Diesel,Grandmeister Unit 9423 Diesel,DIESEL,9112.2,9112.2,0,MANUAL,388,362.79,00:25:07,02-12-2024 00:17,1507,0,0,27.01666667,Monday,Night,0.935025773,2740603,TRUE,91,-26.8,-23.7,76,0,02-12-2024 00:00,E,-28.5,No Rain
02-12-2024 01:19,02-12-2024 01:44,1480,Mod 4 Lube Island Virtual,K4 Lube Island Virtual,Grandmeister Unit 9042 Diesel,Grandmeister Unit 9042 Diesel,DIESEL,8440.2,8440.2,0,MANUAL,418,366.17,00:23:03,02-12-2024 01:19,1383,1,1,24.66666667,Monday,Night,0.876004785,2740604,TRUE,157,-26.6,-23.7,77,0,02-12-2024 01:00,SE,-28.3,No Rain
02-12-2024 02:06,02-12-2024 02:33,1570,Mod 4 Lube Island Virtual,K4 Lube Island Virtual,Grandmeister Unit 9425 Diesel,Grandmeister Unit 9425 Diesel,DIESEL,8237.5,8237.5,0,MANUAL,344,333.5,00:24:42,02-12-2024 02:06,1482,2,2,26.16666667,Monday,Night,0.969476744,2740605,TRUE,124,-25.6,-22.8,78,0,02-12-2024 02:00,SE,-27.2,No Rain
02-12-2024 03:15,02-12-2024 03:24,531,Mod 1 Lube Island Virtual,K1 Lube Island Virtual,TLP 2101,TPU 4710,DIESEL,2338.8,2338.8,0,MANUAL,368,364.49,00:06:25,02-12-2024 03:15,385,3,3,8.85,Monday,Night,0.990461957,2740606,TRUE,79,-24.6,-21.8,78,0,02-12-2024 03:00,E,-26.2,No Rain
02-12-2024 04:43,02-12-2024 04:56,741,Mod 4 Lube Island Virtual,K4 Lube Island Virtual,Grandmeister Unit 9042 Diesel,Grandmeister Unit 9042 Diesel,DIESEL,3290.8,3290.8,0,MANUAL,360,301.91,00:10:54,02-12-2024 04:43,654,4,4,12.35,Monday,Night,0.838638889,2740607,TRUE,83,-24.3,-21.5,78,0,02-12-2024 04:00,E,-25.9,No Rain
02-12-2024 05:31,02-12-2024 05:49,1058,Mod 1 Lube Island Virtual,K1 Lube Island Virtual,Grandmeister Unit 9423 Diesel,Grandmeister Unit 9423 Diesel,DIESEL,5782.3,5782.3,0,MANUAL,399,381.25,00:15:10,02-12-2024 05:31,910,5,5,17.63333333,Monday,Night,0.955513784,2740608,TRUE,67,-23.5,-20.7,78,0,02-12-2024 05:00,NE,-25.1,No Rain
02-12-2024 06:19,02-12-2024 06:29,562,Mod 1 Lube Island Virtual,K1 Lube Island Virtual,Grandmeister Unit 9423 Diesel,Grandmeister Unit 9423 Diesel,DIESEL,3349.3,3349.3,0,MANUAL,390,387.2,00:08:39,02-12-2024 06:19,519,6,6,9.366666667,Monday,Morning,0.992820513,2740609,TRUE,99,-22.7,-19.9,78,0,02-12-2024 06:00,E,-24.3,No Rain
02-12-2024 09:33,02-12-2024 09:38,358,Mod 4 Lube Island Virtual,K4 Lube Island Virtual,TLP 2101,TPU 4710,DIESEL,2148,2148,0,MANUAL,409,404.01,00:05:19,02-12-2024 09:33,319,9,9,5.966666667,Monday,Morning,0.987799511,2740612,TRUE,114,-20.5,-17.8,79,0.1,02-12-2024 09:00,SE,-22,No Rain
02-12-2024 09:41,02-12-2024 10:04,1387,Mod 4 Lube Island Virtual,K4 Lube Island Virtual,Grandmeister Unit 9428 Diesel,Grandmeister Unit 9428 Diesel,DIESEL,8900.6,8900.6,0,MANUAL,499,402.74,00:22:06,02-12-2024 09:41,1326,9,10,23.11666667,Monday,Morning,0.807094188,2740612,TRUE,114,-20.5,-17.8,79,0.1,02-12-2024 09:00,SE,-22,No Rain
02-12-2024 09:50,02-12-2024 09:58,497,Mod 4 Lube Island Virtual,K4 Lube Island Virtual,Grandmeister Unit 9042 Diesel,Grandmeister Unit 9042 Diesel,DIESEL,2234.9,2234.9,0,MANUAL,352,341.21,00:06:33,02-12-2024 09:50,393,9,9,8.283333333,Monday,Morning,0.969346591,2740612,TRUE,114,-20.5,-17.8,79,0.1,02-12-2024 09:00,SE,-22,No Rain
02-12-2024 10:02,02-12-2024 10:10,496,Mod 4 Lube Island Virtual,K4 Lube Island Virtual,TLP 2102,TPUXXX1,DIESEL,3080.4,3080.4,0,MANUAL,402,394.08,00:07:49,02-12-2024 10:02,469,10,10,8.266666667,Monday,Morning,0.980298507,2740613,TRUE,111,-19.7,-16.9,79,0,02-12-2024 10:00,E,-21.1,No Rain
02-12-2024 12:21,02-12-2024 12:50,1749,Mod 1 Lube Island Virtual,K1 Lube Island Virtual,Grandmeister Unit 9423 Diesel,Grandmeister Unit 9423 Diesel,DIESEL,10274.4,10274.4,0,MANUAL,392,361.77,00:28:24,02-12-2024 12:21,1704,12,12,29.15,Monday,Afternoon,0.922882653,2740615,TRUE,100,-19.2,-16.8,82,0.8,02-12-2024 12:00,E,-20.4,Light
02-12-2024 12:31,02-12-2024 12:39,447,Grandmeister Unit 9428 Diesel,Grandmeister Unit 9428 Diesel,TLP 2104,TLP 2104,DIESEL,1380.2,1380.2,0,MANUAL,323,288.54,00:04:47,02-12-2024 12:31,287,12,12,7.45,Monday,Afternoon,0.893312693,2740615,TRUE,100,-19.2,-16.8,82,0.8,02-12-2024 12:00,E,-20.4,Light
02-12-2024 13:29,02-12-2024 13:54,1505,Mod 4 Lube Island Virtual,K4 Lube Island Virtual,Grandmeister Unit 9428 Diesel,Grandmeister Unit 9428 Diesel,DIESEL,9684.7,9684.7,0,MANUAL,498,396.91,00:24:24,02-12-2024 13:29,1464,13,13,25.08333333,Monday,Afternoon,0.797008032,2740616,TRUE,107,-18.5,-16.1,82,0.3,02-12-2024 13:00,E,-19.7,Light
02-12-2024 13:55,02-12-2024 14:05,622,Mod 4 Lube Island Virtual,K4 Lube Island Virtual,TLP 2102,TPUXXX1,DIESEL,2999.5,2999.5,0,MANUAL,458,352.19,00:08:31,02-12-2024 13:55,511,13,14,10.36666667,Monday,Afternoon,0.768973799,2740616,TRUE,107,-18.5,-16.1,82,0.3,02-12-2024 13:00,E,-19.7,Light
02-12-2024 14:09,02-12-2024 14:15,387,Mod 4 Lube Island Virtual,K4 Lube Island Virtual,TLP 2101,TPU 4710,DIESEL,1549.5,1549.5,0,MANUAL,447,336.85,00:04:36,02-12-2024 14:09,276,14,14,6.45,Monday,Afternoon,0.753579418,2740617,TRUE,106,-18.4,-15.8,80,0.1,02-12-2024 14:00,E,-19.8,No Rain
02-12-2024 16:32,02-12-2024 16:39,406,Mod 4 Lube Island Virtual,K4 Lube Island Virtual,TLP 2101,TPU 4710,DIESEL,1551.9,1551.9,0,MANUAL,357,342.33,00:04:32,02-12-2024 16:32,272,16,16,6.766666667,Monday,Afternoon,0.958907563,2740619,TRUE,119,-17.3,-14.8,81,0,02-12-2024 16:00,SE,-18.6,No Rain
02-12-2024 16:55,02-12-2024 17:04,522,Mod 4 Lube Island Virtual,K4 Lube Island Virtual,TLP 2102,TPUXXX1,DIESEL,2926.7,2926.7,0,MANUAL,379,371.25,00:07:53,02-12-2024 16:55,473,16,17,8.7,Monday,Afternoon,0.979551451,2740619,TRUE,119,-17.3,-14.8,81,0,02-12-2024 16:00,SE,-18.6,No Rain
02-12-2024 16:56,02-12-2024 17:21,1489,Mod 4 Lube Island Virtual,K4 Lube Island Virtual,Grandmeister Unit 9428 Diesel,Grandmeister Unit 9428 Diesel,DIESEL,9239.7,9239.7,0,MANUAL,494,378.68,00:24:24,02-12-2024 16:56,1464,16,17,24.81666667,Monday,Afternoon,0.766558704,2740619,TRUE,119,-17.3,-14.8,81,0,02-12-2024 16:00,SE,-18.6,No Rain
02-12-2024 17:15,02-12-2024 17:36,1305,Mod 4 Lube Island Virtual,K4 Lube Island Virtual,Grandmeister Unit 9042 Diesel,Grandmeister Unit 9042 Diesel,DIESEL,6409,6409,0,MANUAL,352,322.33,00:19:53,02-12-2024 17:15,1193,17,17,21.75,Monday,Afternoon,0.915710227,2740620,TRUE,92,-16.7,-13.8,79,0,02-12-2024 17:00,E,-18,No Rain
02-12-2024 18:57,02-12-2024 19:16,1127,Mod 4 Lube Island Virtual,K4 Lube Island Virtual,Grandmeister Unit 9041 Diesel,Grandmeister Unit 9041 Diesel,DIESEL,7051.3,7051.3,0,MANUAL,475,389.57,00:18:06,02-12-2024 18:57,1086,18,19,18.78333333,Monday,Evening,0.820147368,2740621,TRUE,147,-16,-13,78,0,02-12-2024 18:00,SE,-17.4,No Rain
02-12-2024 20:16,02-12-2024 20:33,1046,Mod 4 Lube Island Virtual,K4 Lube Island Virtual,Grandmeister Unit 9041 Diesel,Grandmeister Unit 9041 Diesel,DIESEL,5599.8,5599.8,0,MANUAL,468,337,00:16:37,02-12-2024 20:16,997,20,20,17.43333333,Monday,Evening,0.72008547,2740623,TRUE,156,-15.1,-12.2,78,0,02-12-2024 20:00,SE,-16.6,No Rain
02-12-2024 22:23,02-12-2024 22:45,1342,Mod 4 Lube Island Virtual,K4 Lube Island Virtual,Grandmeister Unit 9428 Diesel,Grandmeister Unit 9428 Diesel,DIESEL,7190.4,7190.4,0,MANUAL,353,334.44,00:21:30,02-12-2024 22:23,1290,22,22,22.36666667,Monday,Evening,0.947422096,2741356,TRUE,151,-12.9,-11.2,87,0.1,02-12-2024 22:00,SE,-13.8,No Rain
03-12-2024 00:14,03-12-2024 00:39,1511,Mod 4 Lube Island Virtual,K4 Lube Island Virtual,Grandmeister Unit 9428 Diesel,Grandmeister Unit 9428 Diesel,DIESEL,9709,9709,0,MANUAL,412,410.53,00:23:39,03-12-2024 00:14,1419,0,0,25.18333333,Tuesday,Night,0.996432039,2741358,TRUE,161,-12.4,-10.4,85,0,03-12-2024 00:00,S,-13.4,No Rain
03-12-2024 00:42,03-12-2024 01:16,2069,Mod 4 Lube Island Virtual,K4 Lube Island Virtual,Grandmeister Unit 9041 Diesel,Grandmeister Unit 9041 Diesel,DIESEL,11074.6,11074.6,0,MANUAL,470,328.14,00:33:45,03-12-2024 00:42,2025,0,1,34.48333333,Tuesday,Night,0.698170213,2741358,TRUE,161,-12.4,-10.4,85,0,03-12-2024 00:00,S,-13.4,No Rain
03-12-2024 01:03,03-12-2024 01:13,611,Mod 4 Lube Island Virtual,K4 Lube Island Virtual,TLP 2101,TPU 4710,DIESEL,2829,2829,0,MANUAL,367,342.91,00:08:15,03-12-2024 01:03,495,1,1,10.18333333,Tuesday,Night,0.934359673,2741359,TRUE,144,-12.2,-10.1,85,0,03-12-2024 01:00,SE,-13.1,No Rain
03-12-2024 03:47,03-12-2024 03:52,342,Mod 4 Lube Island Virtual,K4 Lube Island Virtual,Grandmeister Unit 9423 Diesel,Grandmeister Unit 9423 Diesel,DIESEL,1628.1,1628.1,0,MANUAL,420,378.63,00:04:18,03-12-2024 03:47,258,3,3,5.7,Tuesday,Night,0.9015,2741361,TRUE,150,-11.5,-9.6,86,0.6,03-12-2024 03:00,SE,-12.4,Light
03-12-2024 03:53,03-12-2024 03:56,191,Mod 4 Lube Island Virtual,K4 Lube Island Virtual,Grandmeister Unit 9423 Diesel,Grandmeister Unit 9423 Diesel,DIESEL,851.7,851.7,0,MANUAL,402,365.01,00:02:20,03-12-2024 03:53,140,3,3,3.183333333,Tuesday,Night,0.907985075,2741361,TRUE,150,-11.5,-9.6,86,0.6,03-12-2024 03:00,SE,-12.4,Light
03-12-2024 03:59,03-12-2024 04:13,836,Mod 4 Lube Island Virtual,K4 Lube Island Virtual,Grandmeister Unit 9428 Diesel,Grandmeister Unit 9428 Diesel,DIESEL,4857.2,4857.2,0,MANUAL,497,391.71,00:12:24,03-12-2024 03:59,744,3,4,13.93333333,Tuesday,Night,0.788148893,2741361,TRUE,150,-11.5,-9.6,86,0.6,03-12-2024 03:00,SE,-12.4,Light
03-12-2024 04:15,03-12-2024 04:40,1498,Mod 4 Lube Island Virtual,K4 Lube Island Virtual,Grandmeister Unit 9042 Diesel,Grandmeister Unit 9042 Diesel,DIESEL,8670.8,8670.8,0,MANUAL,446,364.06,00:23:49,03-12-2024 04:15,1429,4,4,24.96666667,Tuesday,Night,0.816278027,2741362,TRUE,147,-11.1,-9.4,87,1.1,03-12-2024 04:00,SE,-12,Light
03-12-2024 09:02,03-12-2024 09:20,1092,Mod 1 Lube Island Virtual,K1 Lube Island Virtual,Grandmeister Unit 9423 Diesel,Grandmeister Unit 9423 Diesel,DIESEL,6818.7,6818.7,0,MANUAL,390,387.79,00:17:35,03-12-2024 09:02,1055,9,9,18.2,Tuesday,Morning,0.994333333,2741367,TRUE,347,-9.6,-8.1,89,0,03-12-2024 09:00,N,-10.3,Light
03-12-2024 09:07,03-12-2024 09:13,346,Mod 4 Lube Island Virtual,K4 Lube Island Virtual,Grandmeister Unit 9042 Diesel,Grandmeister Unit 9042 Diesel,DIESEL,1488.5,1488.5,0,MANUAL,457,337.02,00:04:25,03-12-2024 09:07,265,9,9,5.766666667,Tuesday,Morning,0.737461707,2741367,TRUE,347,-9.6,-8.1,89,0,03-12-2024 09:00,N,-10.3,Light
03-12-2024 09:21,03-12-2024 09:26,342,Mod 4 Lube Island Virtual,K4 Lube Island Virtual,TLP 2101,TPU 4710,DIESEL,2044.1,2044.1,0,MANUAL,405,399.5,00:05:07,03-12-2024 09:21,307,9,9,5.7,Tuesday,Morning,0.986419753,2741367,TRUE,347,-9.6,-8.1,89,0,03-12-2024 09:00,N,-10.3,Light
03-12-2024 10:44,03-12-2024 11:12,1692,Mod 4 Lube Island Virtual,K4 Lube Island Virtual,Grandmeister Unit 9428 Diesel,Grandmeister Unit 9428 Diesel,DIESEL,9021.8,9021.8,0,MANUAL,335,331.08,00:27:15,03-12-2024 10:44,1635,10,11,28.2,Tuesday,Morning,0.988298507,2741368,TRUE,320,-10.5,-8.5,86,0,03-12-2024 10:00,NW,-11.3,Light
03-12-2024 11:00,03-12-2024 11:19,1173,Mod 1 Lube Island Virtual,K1 Lube Island Virtual,Grandmeister Unit 9423 Diesel,Grandmeister Unit 9423 Diesel,DIESEL,6199.4,6199.4,0,MANUAL,394,374.59,00:16:33,03-12-2024 11:00,993,11,11,19.55,Tuesday,Morning,0.950736041,2741369,TRUE,341,-10.8,-8.9,86,0,03-12-2024 11:00,N,-11.7,Light
03-12-2024 12:44,03-12-2024 13:05,1254,Mod 1 Lube Island Virtual,K1 Lube Island Virtual,Grandmeister Unit 9428 Diesel,Grandmeister Unit 9428 Diesel,DIESEL,7631.8,7631.8,0,MANUAL,384,376.26,00:20:17,03-12-2024 12:44,1217,12,13,20.9,Tuesday,Afternoon,0.97984375,2741370,TRUE,6,-12.8,-10,80,0,03-12-2024 12:00,N,-14,Light
03-12-2024 15:08,03-12-2024 15:15,442,Grandmeister Unit 9423 Diesel,Grandmeister Unit 9423 Diesel,TLP 2104,TLP 2104,DIESEL,528.2,528.2,0,MANUAL,381,340.77,00:01:33,03-12-2024 15:08,93,15,15,7.366666667,Tuesday,Afternoon,0.894409449,2741373,TRUE,305,-15.5,-12,75,0,03-12-2024 15:00,NW,-17,Light
03-12-2024 16:06,03-12-2024 16:16,582,Mod 4 Lube Island Virtual,K4 Lube Island Virtual,TLP 2101,TPU 4710,DIESEL,2912.9,2912.9,0,MANUAL,391,381.6,00:07:38,03-12-2024 16:06,458,16,16,9.7,Tuesday,Afternoon,0.975959079,2741374,TRUE,311,-16,-12.5,75,0,03-12-2024 16:00,NW,-17.5,Light
03-12-2024 16:24,03-12-2024 16:43,1152,Mod 4 Lube Island Virtual,K4 Lube Island Virtual,Grandmeister Unit 9042 Diesel,Grandmeister Unit 9042 Diesel,DIESEL,6191.4,6191.4,0,MANUAL,472,358.92,00:17:15,03-12-2024 16:24,1035,16,16,19.2,Tuesday,Afternoon,0.760423729,2741374,TRUE,311,-16,-12.5,75,0,03-12-2024 16:00,NW,-17.5,Light
03-12-2024 16:40,03-12-2024 16:43,193,Mod 1 Lube Island Virtual,K1 Lube Island Virtual,Grandmeister Unit 9423 Diesel,Grandmeister Unit 9423 Diesel,DIESEL,830.9,830.9,0,MANUAL,392,343.82,00:02:25,03-12-2024 16:40,145,16,16,3.216666667,Tuesday,Afternoon,0.877091837,2741374,TRUE,311,-16,-12.5,75,0,03-12-2024 16:00,NW,-17.5,Light
03-12-2024 16:46,03-12-2024 17:11,1478,Mod 4 Lube Island Virtual,K4 Lube Island Virtual,Grandmeister Unit 9428 Diesel,Grandmeister Unit 9428 Diesel,DIESEL,7860,7860,0,MANUAL,454,330.48,00:23:47,03-12-2024 16:46,1427,16,17,24.63333333,Tuesday,Afternoon,0.727929515,2741374,TRUE,311,-16,-12.5,75,0,03-12-2024 16:00,NW,-17.5,Light
03-12-2024 21:12,03-12-2024 21:28,938,Mod 4 Lube Island Virtual,K4 Lube Island Virtual,Grandmeister Unit 9423 Diesel,Grandmeister Unit 9423 Diesel,DIESEL,5817,5817,0,MANUAL,414,412.55,00:14:06,03-12-2024 21:12,846,21,21,15.63333333,Tuesday,Evening,0.996497585,2741379,TRUE,296,-18.2,-13.1,65,0,03-12-2024 21:00,NW,-20.1,Light
03-12-2024 23:03,03-12-2024 23:14,658,Mod 1 Lube Island Virtual,K1 Lube Island Virtual,TLP 2101,TPU 4710,DIESEL,3096.5,3096.5,0,MANUAL,372,341.53,00:09:04,03-12-2024 23:03,544,23,23,10.96666667,Tuesday,Evening,0.918091398,2741381,TRUE,291,-19.9,-15.4,69,0,03-12-2024 23:00,W,-21.6,Light
03-12-2024 23:03,03-12-2024 23:24,1256,Mod 4 Lube Island Virtual,K4 Lube Island Virtual,Grandmeister Unit 9423 Diesel,Grandmeister Unit 9423 Diesel,DIESEL,7731.1,7731.1,0,MANUAL,418,397.15,00:19:28,03-12-2024 23:03,1168,23,23,20.93333333,Tuesday,Evening,0.950119617,2741381,TRUE,291,-19.9,-15.4,69,0,03-12-2024 23:00,W,-21.6,Light
04-12-2024 00:33,04-12-2024 01:04,1830,Mod 4 Lube Island Virtual,K4 Lube Island Virtual,Grandmeister Unit 9428 Diesel,Grandmeister Unit 9428 Diesel,DIESEL,9672.7,9672.7,0,MANUAL,345,339.99,00:28:27,04-12-2024 00:33,1707,0,1,30.5,Wednesday,Night,0.985478261,2741382,TRUE,293,-20.6,-16,68,0,04-12-2024 00:00,NW,-22.4,Light
04-12-2024 03:52,04-12-2024 04:14,1344,Mod 1 Lube Island Virtual,K1 Lube Island Virtual,Grandmeister Unit 9423 Diesel,Grandmeister Unit 9423 Diesel,DIESEL,7672.2,7672.2,0,MANUAL,382,354.1,00:21:40,04-12-2024 03:52,1300,3,4,22.4,Wednesday,Night,0.926963351,2741385,TRUE,304,-22.3,-19.1,76,0,04-12-2024 03:00,NW,-23.9,Light
04-12-2024 03:58,04-12-2024 04:05,441,Mod 1 Lube Island Virtual,K1 Lube Island Virtual,TLP 2101,TPU 4710,DIESEL,1548.4,1548.4,0,MANUAL,366,360.09,00:04:18,04-12-2024 03:58,258,3,4,7.35,Wednesday,Night,0.983852459,2741385,TRUE,304,-22.3,-19.1,76,0,04-12-2024 03:00,NW,-23.9,Light
04-12-2024 04:17,04-12-2024 04:44,1612,Mod 4 Lube Island Virtual,K4 Lube Island Virtual,Grandmeister Unit 9042 Diesel,Grandmeister Unit 9042 Diesel,DIESEL,7988,7988,0,MANUAL,432,313.66,00:25:28,04-12-2024 04:17,1528,4,4,26.86666667,Wednesday,Night,0.726064815,2741386,TRUE,314,-23.1,-20.2,78,0,04-12-2024 04:00,NW,-24.6,Light
04-12-2024 04:47,04-12-2024 05:01,841,Mod 4 Lube Island Virtual,K4 Lube Island Virtual,Grandmeister Unit 9428 Diesel,Grandmeister Unit 9428 Diesel,DIESEL,4753.1,4753.1,0,MANUAL,416,379.74,00:12:31,04-12-2024 04:47,751,4,5,14.01666667,Wednesday,Night,0.912836538,2741386,TRUE,314,-23.1,-20.2,78,0,04-12-2024 04:00,NW,-24.6,Light
04-12-2024 09:19,04-12-2024 09:27,447,Mod 4 Lube Island Virtual,K4 Lube Island Virtual,TLP 2101,TPU 4710,DIESEL,2067.6,2067.6,0,MANUAL,473,340.81,00:06:04,04-12-2024 09:19,364,9,9,7.45,Wednesday,Morning,0.720528541,2741391,TRUE,247,-25.7,-22.9,78,0,04-12-2024 09:00,SW,-27.3,Light
04-12-2024 09:26,04-12-2024 09:51,1540,Mod 1 Lube Island Virtual,K1 Lube Island Virtual,Grandmeister Unit 9428 Diesel,Grandmeister Unit 9428 Diesel,DIESEL,9400.6,9400.6,0,MANUAL,388,374.53,00:25:06,04-12-2024 09:26,1506,9,9,25.66666667,Wednesday,Morning,0.965283505,2741391,TRUE,247,-25.7,-22.9,78,0,04-12-2024 09:00,SW,-27.3,Light
04-12-2024 10:57,04-12-2024 11:19,1345,Mod 1 Lube Island Virtual,K1 Lube Island Virtual,Grandmeister Unit 9428 Diesel,Grandmeister Unit 9428 Diesel,DIESEL,7824.9,7824.9,0,MANUAL,364,360.59,00:21:42,04-12-2024 10:57,1302,10,11,22.41666667,Wednesday,Morning,0.990631868,2741392,TRUE,237,-25.9,-22.9,76,0,04-12-2024 10:00,SW,-27.7,Light
04-12-2024 12:07,04-12-2024 12:38,1899,Mod 4 Lube Island Virtual,K4 Lube Island Virtual,Grandmeister Unit 9423 Diesel,Grandmeister Unit 9423 Diesel,DIESEL,9972,9972,0,MANUAL,366,335.38,00:29:44,04-12-2024 12:07,1784,12,12,31.65,Wednesday,Afternoon,0.916338798,2741394,TRUE,222,-26,-23.2,77,0,04-12-2024 12:00,SW,-27.8,Light
04-12-2024 12:10,04-12-2024 12:17,406,Mod 4 Lube Island Virtual,K4 Lube Island Virtual,TLP 2101,TPU 4710,DIESEL,2036,2036,0,MANUAL,376,366.85,00:05:33,04-12-2024 12:10,333,12,12,6.766666667,Wednesday,Afternoon,0.975664894,2741394,TRUE,222,-26,-23.2,77,0,04-12-2024 12:00,SW,-27.8,Light
04-12-2024 14:21,04-12-2024 14:47,1547,Mod 1 Lube Island Virtual,K1 Lube Island Virtual,Grandmeister Unit 9428 Diesel,Grandmeister Unit 9428 Diesel,DIESEL,9474.2,9474.2,0,MANUAL,382,377.46,00:25:06,04-12-2024 14:21,1506,14,14,25.78333333,Wednesday,Afternoon,0.988115183,2741396,TRUE,167,-24.1,-21.3,78,0,04-12-2024 14:00,S,-25.7,Light
04-12-2024 15:43,04-12-2024 16:12,1736,Mod 1 Lube Island Virtual,K1 Lube Island Virtual,Grandmeister Unit 9423 Diesel,Grandmeister Unit 9423 Diesel,DIESEL,10133.5,10133.5,0,MANUAL,391,359.13,00:28:13,04-12-2024 15:43,1693,15,16,28.93333333,Wednesday,Afternoon,0.918491049,2741397,TRUE,170,-23.5,-20.5,77,0,04-12-2024 15:00,S,-25.1,Light
04-12-2024 16:08,04-12-2024 16:21,748,Mod 4 Lube Island Virtual,K4 Lube Island Virtual,Grandmeister Unit 9428 Diesel,Grandmeister Unit 9428 Diesel,DIESEL,4370,4370,0,MANUAL,493,369.82,00:11:49,04-12-2024 16:08,709,16,16,12.46666667,Wednesday,Afternoon,0.750141988,2741398,TRUE,145,-22.5,-19.6,78,0,04-12-2024 16:00,SE,-24,Light
04-12-2024 16:25,04-12-2024 16:34,539,Mod 4 Lube Island Virtual,K4 Lube Island Virtual,TLP 2101,TPU 4710,DIESEL,2487.7,2487.7,0,MANUAL,360,339.23,00:07:20,04-12-2024 16:25,440,16,16,8.983333333,Wednesday,Afternoon,0.942305556,2741398,TRUE,145,-22.5,-19.6,78,0,04-12-2024 16:00,SE,-24,Light
04-12-2024 16:46,04-12-2024 17:11,1488,Mod 4 Lube Island Virtual,K4 Lube Island Virtual,Grandmeister Unit 9042 Diesel,Grandmeister Unit 9042 Diesel,DIESEL,7747.1,7747.1,0,MANUAL,439,341.03,00:22:43,04-12-2024 16:46,1363,16,17,24.8,Wednesday,Afternoon,0.776833713,2741398,TRUE,145,-22.5,-19.6,78,0,04-12-2024 16:00,SE,-24,Light
04-12-2024 21:30,04-12-2024 21:49,1130,Mod 1 Lube Island Virtual,K1 Lube Island Virtual,Grandmeister Unit 9428 Diesel,Grandmeister Unit 9428 Diesel,DIESEL,5826.6,5826.6,0,MANUAL,382,345.45,00:16:52,04-12-2024 21:30,1012,21,21,18.83333333,Wednesday,Evening,0.904319372,2741403,TRUE,147,-20.7,-17.1,74,0,04-12-2024 21:00,SE,-22.3,Light
04-12-2024 22:26,04-12-2024 22:37,656,Mod 1 Lube Island Virtual,K1 Lube Island Virtual,TLP 2101,TPU 4710,DIESEL,3078.8,3078.8,0,MANUAL,372,335.26,00:09:11,04-12-2024 22:26,551,22,22,10.93333333,Wednesday,Evening,0.901236559,2741404,TRUE,148,-20.1,-16.4,73,0,04-12-2024 22:00,SE,-21.8,Light
04-12-2024 22:43,04-12-2024 23:03,1243,Mod 4 Lube Island Virtual,K4 Lube Island Virtual,Grandmeister Unit 9423 Diesel,Grandmeister Unit 9423 Diesel,DIESEL,7259.4,7259.4,0,MANUAL,493,367.88,00:19:44,04-12-2024 22:43,1184,22,23,20.71666667,Wednesday,Evening,0.746206897,2741404,TRUE,148,-20.1,-16.4,73,0,04-12-2024 22:00,SE,-21.8,Light
05-12-2024 00:33,05-12-2024 00:58,1522,Mod 1 Lube Island Virtual,K1 Lube Island Virtual,Grandmeister Unit 9428 Diesel,Grandmeister Unit 9428 Diesel,DIESEL,8492,8492,0,MANUAL,383,362.65,00:23:25,05-12-2024 00:33,1405,0,0,25.36666667,Thursday,Night,0.946866841,2741406,TRUE,149,-18.3,-14.8,75,0,05-12-2024 00:00,SE,-19.8,Light
05-12-2024 03:17,05-12-2024 03:27,606,Mod 4 Lube Island Virtual,K4 Lube Island Virtual,Grandmeister Unit 9428 Diesel,Grandmeister Unit 9428 Diesel,DIESEL,3722.6,3722.6,0,MANUAL,424,399.56,00:09:19,05-12-2024 03:17,559,3,3,10.1,Thursday,Night,0.942358491,2741409,TRUE,154,-16.2,-12.9,76,0,05-12-2024 03:00,SE,-17.7,Light
05-12-2024 04:17,05-12-2024 04:39,1316,Mod 4 Lube Island Virtual,K4 Lube Island Virtual,Grandmeister Unit 9423 Diesel,Grandmeister Unit 9423 Diesel,DIESEL,8125.2,8125.2,0,MANUAL,424,396.03,00:20:31,05-12-2024 04:17,1231,4,4,21.93333333,Thursday,Night,0.934033019,2741410,TRUE,163,-15,-12.1,79,0,05-12-2024 04:00,S,-16.3,Light
05-12-2024 04:50,05-12-2024 05:13,1380,Mod 1 Lube Island Virtual,K1 Lube Island Virtual,Grandmeister Unit 9042 Diesel,Grandmeister Unit 9042 Diesel,DIESEL,6284.6,6284.6,0,MANUAL,394,298.32,00:21:04,05-12-2024 04:50,1264,4,5,23,Thursday,Night,0.75715736,2741410,TRUE,163,-15,-12.1,79,0,05-12-2024 04:00,S,-16.3,Light
05-12-2024 09:09,05-12-2024 09:15,377,Mod 4 Lube Island Virtual,K4 Lube Island Virtual,TLP 2101,TPU 4710,DIESEL,1779.9,1779.9,0,MANUAL,409,369.53,00:04:49,05-12-2024 09:09,289,9,9,6.283333333,Thursday,Morning,0.903496333,2741415,TRUE,176,-11.4,-9.2,84,0,05-12-2024 09:00,S,-12.4,Light
05-12-2024 10:06,05-12-2024 10:30,1411,Mod 4 Lube Island Virtual,K4 Lube Island Virtual,Grandmeister Unit 9423 Diesel,Grandmeister Unit 9423 Diesel,DIESEL,7801.7,7801.7,0,MANUAL,482,342.93,00:22:45,05-12-2024 10:06,1365,10,10,23.51666667,Thursday,Morning,0.711473029,2741416,TRUE,278,-9.3,-7.5,87,0,05-12-2024 10:00,W,-10.1,Light
05-12-2024 11:44,05-12-2024 11:51,425,Mod 4 Lube Island Virtual,K4 Lube Island Virtual,TLP 2101,TPU 4710,DIESEL,2125.5,2125.5,0,MANUAL,411,377.31,00:05:38,05-12-2024 11:44,338,11,11,7.083333333,Thursday,Morning,0.918029197,2741417,TRUE,238,-9.2,-7.4,87,0,05-12-2024 11:00,SW,-10,Light
05-12-2024 13:03,05-12-2024 13:12,525,Mod 4 Lube Island Virtual,K4 Lube Island Virtual,Grandmeister Unit 9428 Diesel,Grandmeister Unit 9428 Diesel,DIESEL,3006.8,3006.8,0,MANUAL,414,408.16,00:07:22,05-12-2024 13:03,442,13,13,8.75,Thursday,Afternoon,0.98589372,2741419,TRUE,155,-10.8,-9.2,88,0,05-12-2024 13:00,SE,-11.6,Light
05-12-2024 13:42,05-12-2024 14:04,1288,Mod 1 Lube Island Virtual,K1 Lube Island Virtual,Grandmeister Unit 9423 Diesel,Grandmeister Unit 9423 Diesel,DIESEL,7303.5,7303.5,0,MANUAL,365,359.19,00:20:20,05-12-2024 13:42,1220,13,14,21.46666667,Thursday,Afternoon,0.984082192,2741419,TRUE,155,-10.8,-9.2,88,0,05-12-2024 13:00,SE,-11.6,Light
05-12-2024 15:19,05-12-2024 15:43,1418,Mod 1 Lube Island Virtual,K1 Lube Island Virtual,Grandmeister Unit 9428 Diesel,Grandmeister Unit 9428 Diesel,DIESEL,8593.1,8593.1,0,MANUAL,396,373.88,00:22:59,05-12-2024 15:19,1379,15,15,23.63333333,Thursday,Afternoon,0.944141414,2741421,TRUE,149,-10.7,-9.3,90,0,05-12-2024 15:00,SE,-11.3,Light
05-12-2024 15:30,05-12-2024 15:49,1145,Mod 4 Lube Island Virtual,K4 Lube Island Virtual,Grandmeister Unit 9423 Diesel,Grandmeister Unit 9423 Diesel,DIESEL,7118.8,7118.8,0,MANUAL,420,396.22,00:17:58,05-12-2024 15:30,1078,15,15,19.08333333,Thursday,Afternoon,0.943380952,2741421,TRUE,149,-10.7,-9.3,90,0,05-12-2024 15:00,SE,-11.3,Light
05-12-2024 16:26,05-12-2024 16:32,380,Mod 4 Lube Island Virtual,K4 Lube Island Virtual,TLP 2101,TPU 4710,DIESEL,1707.3,1707.3,0,MANUAL,429,347.25,00:04:55,05-12-2024 16:26,295,16,16,6.333333333,Thursday,Afternoon,0.809440559,2741422,TRUE,148,-10.3,-8.8,89,0,05-12-2024 16:00,SE,-11,Light
05-12-2024 16:34,05-12-2024 16:54,1199,Mod 4 Lube Island Virtual,K4 Lube Island Virtual,Grandmeister Unit 9042 Diesel,Grandmeister Unit 9042 Diesel,DIESEL,6591.5,6591.5,0,MANUAL,467,351.55,00:18:45,05-12-2024 16:34,1125,16,16,19.98333333,Thursday,Afternoon,0.752783726,2741422,TRUE,148,-10.3,-8.8,89,0,05-12-2024 16:00,SE,-11,Light
05-12-2024 22:18,05-12-2024 22:29,671,Mod 1 Lube Island Virtual,K1 Lube Island Virtual,TLP 2101,TPU 4710,DIESEL,3170.3,3170.3,0,MANUAL,376,340.89,00:09:18,05-12-2024 22:18,558,22,22,11.18333333,Thursday,Evening,0.90662234,2741428,TRUE,154,-6.8,-4.1,81,0,05-12-2024 22:00,SE,-7.9,Light
05-12-2024 22:47,05-12-2024 23:15,1644,Mod 1 Lube Island Virtual,K1 Lube Island Virtual,Grandmeister Unit 9423 Diesel,Grandmeister Unit 9423 Diesel,DIESEL,10167.1,10167.1,0,MANUAL,388,383.91,00:26:29,05-12-2024 22:47,1589,22,23,27.4,Thursday,Evening,0.989458763,2741428,TRUE,154,-6.8,-4.1,81,0,05-12-2024 22:00,SE,-7.9,Light
05-12-2024 23:18,05-12-2024 23:39,1237,Mod 4 Lube Island Virtual,K4 Lube Island Virtual,Grandmeister Unit 9428 Diesel,Grandmeister Unit 9428 Diesel,DIESEL,7998.6,7998.6,0,MANUAL,412,410.18,00:19:30,05-12-2024 23:18,1170,23,23,20.61666667,Thursday,Evening,0.995582524,2741429,TRUE,179,-7,-4.8,85,0,05-12-2024 23:00,S,-7.8,Light
06-12-2024 00:33,06-12-2024 01:02,1688,Mod 4 Lube Island Virtual,K4 Lube Island Virtual,Grandmeister Unit 9428 Diesel,Grandmeister Unit 9428 Diesel,DIESEL,8776.3,8776.3,0,MANUAL,442,334.76,00:26:13,06-12-2024 00:33,1573,0,1,28.13333333,Friday,Night,0.757375566,2741430,TRUE,111,-7.3,-5.6,88,0,06-12-2024 00:00,E,-8,Light
06-12-2024 02:16,06-12-2024 02:44,1681,Mod 4 Lube Island Virtual,K4 Lube Island Virtual,Grandmeister Unit 9423 Diesel,Grandmeister Unit 9423 Diesel,DIESEL,9765.7,9765.7,0,MANUAL,435,358.59,00:27:14,06-12-2024 02:16,1634,2,2,28.01666667,Friday,Night,0.824344828,2741432,TRUE,177,-3.7,-3.2,96,0,06-12-2024 02:00,S,-4,Light
06-12-2024 02:56,06-12-2024 03:03,389,Mod 1 Lube Island Virtual,K1 Lube Island Virtual,TLP 2101,TPU 4710,DIESEL,1506,1506,0,MANUAL,370,325.04,00:04:38,06-12-2024 02:56,278,2,3,6.483333333,Friday,Night,0.878486486,2741432,TRUE,177,-3.7,-3.2,96,0,06-12-2024 02:00,S,-4,Light
06-12-2024 04:47,06-12-2024 05:08,1283,Mod 1 Lube Island Virtual,K1 Lube Island Virtual,Grandmeister Unit 9042 Diesel,Grandmeister Unit 9042 Diesel,DIESEL,6458.3,6458.3,0,MANUAL,393,339.61,00:19:01,06-12-2024 04:47,1141,4,5,21.38333333,Friday,Night,0.864147583,2741434,TRUE,155,-2.8,-2.3,97,0,06-12-2024 04:00,SE,-2.9,Light
06-12-2024 05:13,06-12-2024 05:23,620,Mod 4 Lube Island Virtual,K4 Lube Island Virtual,Grandmeister Unit 9428 Diesel,Grandmeister Unit 9428 Diesel,DIESEL,3599.6,3599.6,0,MANUAL,481,397.01,00:09:04,06-12-2024 05:13,544,5,5,10.33333333,Friday,Night,0.825384615,2741435,TRUE,154,-2.9,-2.4,96,0,06-12-2024 05:00,SE,-3.2,Light
06-12-2024 10:35,06-12-2024 10:44,521,Mod 4 Lube Island Virtual,K4 Lube Island Virtual,TLP 2101,TPU 4710,DIESEL,2895.2,2895.2,0,MANUAL,478,397.51,00:07:17,06-12-2024 10:35,437,10,10,8.683333333,Friday,Morning,0.831610879,2741440,TRUE,198,-3.1,-2.5,96,0,06-12-2024 10:00,S,-3.3,Light
06-12-2024 10:51,06-12-2024 11:20,1740,Mod 4 Lube Island Virtual,K4 Lube Island Virtual,Grandmeister Unit 9423 Diesel,Grandmeister Unit 9423 Diesel,DIESEL,8818.2,8818.2,0,MANUAL,403,327.21,00:26:57,06-12-2024 10:51,1617,10,11,29,Friday,Morning,0.811935484,2741440,TRUE,198,-3.1,-2.5,96,0,06-12-2024 10:00,S,-3.3,Light
06-12-2024 14:46,06-12-2024 15:10,1420,Mod 4 Lube Island Virtual,K4 Lube Island Virtual,Grandmeister Unit 9423 Diesel,Grandmeister Unit 9423 Diesel,DIESEL,7640.1,7640.1,0,MANUAL,483,344.15,00:22:12,06-12-2024 14:46,1332,14,15,23.66666667,Friday,Afternoon,0.71252588,2741444,TRUE,108,-2.7,-2,95,0,06-12-2024 14:00,E,-3,Light
06-12-2024 16:31,06-12-2024 16:37,360,Mod 4 Lube Island Virtual,K4 Lube Island Virtual,TLP 2101,TPU 4710,DIESEL,1885.5,1885.5,0,MANUAL,418,409.89,00:04:36,06-12-2024 16:31,276,16,16,6,Friday,Afternoon,0.980598086,2741446,TRUE,111,-1.8,-1.1,95,0,06-12-2024 16:00,E,-2.1,Light
06-12-2024 17:05,06-12-2024 17:21,980,Mod 4 Lube Island Virtual,K4 Lube Island Virtual,Grandmeister Unit 9428 Diesel,Grandmeister Unit 9428 Diesel,DIESEL,5085.1,5085.1,0,MANUAL,379,353.13,00:14:24,06-12-2024 17:05,864,17,17,16.33333333,Friday,Afternoon,0.931741425,2741447,TRUE,123,0,0.6,95,0,06-12-2024 17:00,SE,-0.4,Light
06-12-2024 19:56,06-12-2024 20:00,252,Mod 4 Lube Island Virtual,K4 Lube Island Virtual,TLP 2104,TLP 2104,DIESEL,816.3,816.3,0,MANUAL,384,382.64,00:02:08,06-12-2024 19:56,128,19,20,4.2,Friday,Evening,0.996458333,2741449,TRUE,223,1.5,3.8,85,0,06-12-2024 19:00,SW,0.8,Light
06-12-2024 21:02,06-12-2024 21:19,1025,Mod 4 Lube Island Virtual,K4 Lube Island Virtual,Grandmeister Unit 9428 Diesel,Grandmeister Unit 9428 Diesel,DIESEL,5623.7,5623.7,0,MANUAL,370,359.72,00:15:38,06-12-2024 21:02,938,21,21,17.08333333,Friday,Evening,0.972216216,2741451,TRUE,238,1.5,3.6,86,0,06-12-2024 21:00,SW,0.8,Light
06-12-2024 22:16,06-12-2024 22:25,544,Mod 4 Lube Island Virtual,K4 Lube Island Virtual,TLP 2101,TPU 4710,DIESEL,3156.7,3156.7,0,MANUAL,418,406.44,00:07:46,06-12-2024 22:16,466,22,22,9.066666667,Friday,Evening,0.972344498,2741452,TRUE,227,1.4,3.3,87,0,06-12-2024 22:00,SW,0.7,Light
06-12-2024 23:17,06-12-2024 23:40,1426,Mod 4 Lube Island Virtual,K4 Lube Island Virtual,Grandmeister Unit 9423 Diesel,Grandmeister Unit 9423 Diesel,DIESEL,8357.8,8357.8,0,MANUAL,462,366.04,00:22:50,06-12-2024 23:17,1370,23,23,23.76666667,Friday,Evening,0.792294372,2741453,TRUE,243,1.5,3.2,89,0,06-12-2024 23:00,SW,1,Light
06-12-2024 23:43,07-12-2024 00:05,1335,Mod 4 Lube Island Virtual,K4 Lube Island Virtual,Grandmeister Unit 9428 Diesel,Grandmeister Unit 9428 Diesel,DIESEL,8420.6,8420.6,0,MANUAL,460,404.19,00:20:50,06-12-2024 23:43,1250,23,0,22.25,Friday,Evening,0.878673913,2741453,TRUE,243,1.5,3.2,89,0,06-12-2024 23:00,SW,1,Light
07-12-2024 03:00,07-12-2024 03:06,351,Mod 4 Lube Island Virtual,K4 Lube Island Virtual,Grandmeister Unit 9423 Diesel,Grandmeister Unit 9423 Diesel,DIESEL,1244.6,1244.6,0,MANUAL,366,280.74,00:04:26,07-12-2024 03:00,266,3,3,5.85,Saturday,Night,0.76704918,2741457,TRUE,219,1.5,3.6,86,0,07-12-2024 03:00,SW,0.8,Light
07-12-2024 03:46,07-12-2024 03:57,652,Mod 4 Lube Island Virtual,K4 Lube Island Virtual,Grandmeister Unit 9428 Diesel,Grandmeister Unit 9428 Diesel,DIESEL,3483.7,3483.7,0,MANUAL,500,357.91,00:09:44,07-12-2024 03:46,584,3,3,10.86666667,Saturday,Night,0.71582,2741457,TRUE,219,1.5,3.6,86,0,07-12-2024 03:00,SW,0.8,Light
07-12-2024 03:46,07-12-2024 03:50,262,Mod 4 Lube Island Virtual,K4 Lube Island Virtual,TLP 2101,TPU 4710,DIESEL,884.3,884.3,0,MANUAL,368,358.5,00:02:28,07-12-2024 03:46,148,3,3,4.366666667,Saturday,Night,0.974184783,2741457,TRUE,219,1.5,3.6,86,0,07-12-2024 03:00,SW,0.8,Light
07-12-2024 04:51,07-12-2024 05:15,1439,Mod 4 Lube Island Virtual,K4 Lube Island Virtual,Grandmeister Unit 9042 Diesel,Grandmeister Unit 9042 Diesel,DIESEL,8344.6,8344.6,0,MANUAL,412,369.78,00:22:34,07-12-2024 04:51,1354,4,5,23.98333333,Saturday,Night,0.897524272,2741458,TRUE,211,1.4,3.1,88,0,07-12-2024 04:00,SW,0.7,Light
07-12-2024 09:54,07-12-2024 10:00,349,Mod 4 Lube Island Virtual,K4 Lube Island Virtual,TLP 2101,TPU 4710,DIESEL,1809.6,1809.6,0,MANUAL,415,406.65,00:04:27,07-12-2024 09:54,267,9,10,5.816666667,Saturday,Morning,0.979879518,2741463,TRUE,24,-0.6,0.6,92,0,07-12-2024 09:00,NE,-1,Light
07-12-2024 09:55,07-12-2024 10:04,553,Mod 1 Lube Island Virtual,K1 Lube Island Virtual,Grandmeister Unit 9041 Diesel,Grandmeister Unit 9041 Diesel,DIESEL,2580,2580,0,MANUAL,385,382.22,00:06:45,07-12-2024 09:55,405,9,10,9.216666667,Saturday,Morning,0.992779221,2741463,TRUE,24,-0.6,0.6,92,0,07-12-2024 09:00,NE,-1,Light
07-12-2024 10:09,07-12-2024 10:33,1407,Mod 4 Lube Island Virtual,K4 Lube Island Virtual,Grandmeister Unit 9423 Diesel,Grandmeister Unit 9423 Diesel,DIESEL,8030.4,8030.4,0,MANUAL,489,353.24,00:22:44,07-12-2024 10:09,1364,10,10,23.45,Saturday,Morning,0.722372188,2741464,TRUE,275,-0.5,2.1,83,0,07-12-2024 10:00,W,-1.3,Light
07-12-2024 10:30,07-12-2024 10:54,1426,Mod 1 Lube Island Virtual,K1 Lube Island Virtual,Grandmeister Unit 9428 Diesel,Grandmeister Unit 9428 Diesel,DIESEL,8643.7,8643.7,0,MANUAL,379,369.13,00:23:25,07-12-2024 10:30,1405,10,10,23.76666667,Saturday,Morning,0.973957784,2741464,TRUE,275,-0.5,2.1,83,0,07-12-2024 10:00,W,-1.3,Light
07-12-2024 11:34,07-12-2024 11:58,1455,Mod 4 Lube Island Virtual,K4 Lube Island Virtual,Grandmeister Unit 9423 Diesel,Grandmeister Unit 9423 Diesel,DIESEL,8050.7,8050.7,0,MANUAL,487,351.82,00:22:53,07-12-2024 11:34,1373,11,11,24.25,Saturday,Morning,0.722422998,2741465,TRUE,238,-2,0.1,86,0,07-12-2024 11:00,SW,-2.7,Light
07-12-2024 14:25,07-12-2024 14:39,852,Mod 4 Lube Island Virtual,K4 Lube Island Virtual,Grandmeister Unit 9428 Diesel,Grandmeister Unit 9428 Diesel,DIESEL,4952.7,4952.7,0,MANUAL,504,361.51,00:13:42,07-12-2024 14:25,822,14,14,14.2,Saturday,Afternoon,0.717281746,2741468,TRUE,206,-3.4,-0.9,83,0,07-12-2024 14:00,SW,-4.3,Light
07-12-2024 16:17,07-12-2024 16:42,1482,Mod 4 Lube Island Virtual,K4 Lube Island Virtual,Grandmeister Unit 9428 Diesel,Grandmeister Unit 9428 Diesel,DIESEL,9896,9896,0,MANUAL,505,410.34,00:24:07,07-12-2024 16:17,1447,16,16,24.7,Saturday,Afternoon,0.812554455,2741470,TRUE,223,-3.9,-1,81,0,07-12-2024 16:00,SW,-4.8,Light
07-12-2024 17:05,07-12-2024 17:13,459,Mod 4 Lube Island Virtual,K4 Lube Island Virtual,TLP 2101,TPU 4710,DIESEL,2029.8,2029.8,0,MANUAL,456,342.1,00:05:56,07-12-2024 17:05,356,17,17,7.65,Saturday,Afternoon,0.750219298,2741471,TRUE,238,-3.5,-0.5,80,0,07-12-2024 17:00,SW,-4.5,Light
07-12-2024 17:21,07-12-2024 17:37,974,Mod 4 Lube Island Virtual,K4 Lube Island Virtual,Grandmeister Unit 9042 Diesel,Grandmeister Unit 9042 Diesel,DIESEL,5717.1,5717.1,0,MANUAL,404,389.8,00:14:40,07-12-2024 17:21,880,17,17,16.23333333,Saturday,Afternoon,0.964851485,2741471,TRUE,238,-3.5,-0.5,80,0,07-12-2024 17:00,SW,-4.5,Light
07-12-2024 20:50,07-12-2024 21:06,924,Mod 4 Lube Island Virtual,K4 Lube Island Virtual,Grandmeister Unit 9428 Diesel,Grandmeister Unit 9428 Diesel,DIESEL,4617.8,4617.8,0,MANUAL,360,330.24,00:13:59,07-12-2024 20:50,839,20,21,15.4,Saturday,Evening,0.917333333,2741474,TRUE,134,-2.1,1.9,75,0,07-12-2024 20:00,SE,-3.1,Light
07-12-2024 22:06,07-12-2024 22:17,626,Mod 4 Lube Island Virtual,K4 Lube Island Virtual,TLP 2101,TPU 4710,DIESEL,3148.8,3148.8,0,MANUAL,361,346.66,00:09:05,07-12-2024 22:06,545,22,22,10.43333333,Saturday,Evening,0.960277008,2741476,TRUE,69,-3.3,-1.1,85,0,07-12-2024 22:00,E,-4.1,Light
07-12-2024 23:09,07-12-2024 23:38,1738,Mod 4 Lube Island Virtual,K4 Lube Island Virtual,Grandmeister Unit 9428 Diesel,Grandmeister Unit 9428 Diesel,DIESEL,9665.5,9665.5,0,MANUAL,365,350.83,00:27:33,07-12-2024 23:09,1653,23,23,28.96666667,Saturday,Evening,0.961178082,2741477,TRUE,115,-4.4,-2.3,86,0,07-12-2024 23:00,SE,-5.1,Light
08-12-2024 01:06,08-12-2024 01:30,1438,Mod 4 Lube Island Virtual,K4 Lube Island Virtual,Grandmeister Unit 9041 Diesel,Grandmeister Unit 9041 Diesel,DIESEL,8773.6,8773.6,0,MANUAL,480,389.07,00:22:33,08-12-2024 01:06,1353,1,1,23.96666667,Sunday,Night,0.8105625,2741479,TRUE,97,-4.8,-3.8,93,0,08-12-2024 01:00,E,-5.2,Light
08-12-2024 03:45,08-12-2024 03:52,390,Mod 1 Lube Island Virtual,K1 Lube Island Virtual,Grandmeister Unit 9041 Diesel,Grandmeister Unit 9041 Diesel,DIESEL,1365.5,1365.5,0,MANUAL,382,379.31,00:03:36,08-12-2024 03:45,216,3,3,6.5,Sunday,Night,0.992958115,2741481,TRUE,336,-4.7,-4.1,96,0,08-12-2024 03:00,NW,-4.9,Light
08-12-2024 04:52,08-12-2024 05:14,1350,Mod 4 Lube Island Virtual,K4 Lube Island Virtual,Grandmeister Unit 9042 Diesel,Grandmeister Unit 9042 Diesel,DIESEL,6647.3,6647.3,0,MANUAL,420,320.09,00:20:46,08-12-2024 04:52,1246,4,5,22.5,Sunday,Night,0.762119048,2741482,TRUE,351,-5.5,-4.3,92,0,08-12-2024 04:00,N,-5.9,Light
08-12-2024 05:00,08-12-2024 05:18,1097,Mod 4 Lube Island Virtual,K4 Lube Island Virtual,Grandmeister Unit 9428 Diesel,Grandmeister Unit 9428 Diesel,DIESEL,6636.5,6636.5,0,MANUAL,494,387.72,00:17:07,08-12-2024 05:00,1027,5,5,18.28333333,Sunday,Night,0.7848583,2741483,TRUE,348,-6.2,-5.4,94,0,08-12-2024 05:00,N,-6.6,Light
08-12-2024 09:13,08-12-2024 09:20,438,Mod 4 Lube Island Virtual,K4 Lube Island Virtual,TLP 2101,TPU 4710,DIESEL,2368.9,2368.9,0,MANUAL,478,395.92,00:05:59,08-12-2024 09:13,359,9,9,7.3,Sunday,Morning,0.828284519,2741487,TRUE,339,-5.4,-4.7,95,0,08-12-2024 09:00,N,-5.7,Light
08-12-2024 10:05,08-12-2024 10:22,1018,Mod 1 Lube Island Virtual,K1 Lube Island Virtual,Grandmeister Unit 9423 Diesel,Grandmeister Unit 9423 Diesel,DIESEL,5839.7,5839.7,0,MANUAL,391,357.9,00:16:19,08-12-2024 10:05,979,10,10,16.96666667,Sunday,Morning,0.915345269,2741488,TRUE,339,-5.3,-4.6,95,0,08-12-2024 10:00,N,-5.6,Light
08-12-2024 12:12,08-12-2024 12:39,1598,Mod 4 Lube Island Virtual,K4 Lube Island Virtual,Grandmeister Unit 9428 Diesel,Grandmeister Unit 9428 Diesel,DIESEL,9633.9,9633.9,0,MANUAL,495,371.49,00:25:56,08-12-2024 12:12,1556,12,12,26.63333333,Sunday,Afternoon,0.750484848,2741490,TRUE,355,-5.9,-4.8,92,0,08-12-2024 12:00,N,-6.4,Light
08-12-2024 12:42,08-12-2024 12:49,449,Mod 4 Lube Island Virtual,K4 Lube Island Virtual,TLP 2101,TPU 4710,DIESEL,2471.6,2471.6,0,MANUAL,414,406.29,00:06:05,08-12-2024 12:42,365,12,12,7.483333333,Sunday,Afternoon,0.981376812,2741490,TRUE,355,-5.9,-4.8,92,0,08-12-2024 12:00,N,-6.4,Light
08-12-2024 12:55,08-12-2024 13:21,1613,Mod 4 Lube Island Virtual,K4 Lube Island Virtual,Grandmeister Unit 9423 Diesel,Grandmeister Unit 9423 Diesel,DIESEL,9934.8,9934.8,0,MANUAL,410,395.81,00:25:06,08-12-2024 12:55,1506,12,13,26.88333333,Sunday,Afternoon,0.965390244,2741490,TRUE,355,-5.9,-4.8,92,0,08-12-2024 12:00,N,-6.4,Light
08-12-2024 14:04,08-12-2024 14:31,1645,Mod 4 Lube Island Virtual,K4 Lube Island Virtual,Grandmeister Unit 9428 Diesel,Grandmeister Unit 9428 Diesel,DIESEL,9686.7,9686.7,0,MANUAL,389,356.13,00:27:12,08-12-2024 14:04,1632,14,14,27.41666667,Sunday,Afternoon,0.915501285,2741492,TRUE,359,-7.3,-5.9,90,0,08-12-2024 14:00,N,-7.9,Light
08-12-2024 15:28,08-12-2024 15:59,1810,Mod 4 Lube Island Virtual,K4 Lube Island Virtual,Grandmeister Unit 9423 Diesel,Grandmeister Unit 9423 Diesel,DIESEL,10564.4,10564.4,0,MANUAL,499,360.15,00:29:20,08-12-2024 15:28,1760,15,15,30.16666667,Sunday,Afternoon,0.721743487,2741493,TRUE,8,-8.7,-7,88,0,08-12-2024 15:00,N,-9.4,Light
08-12-2024 16:51,08-12-2024 17:07,934,Mod 4 Lube Island Virtual,K4 Lube Island Virtual,Grandmeister Unit 9042 Diesel,Grandmeister Unit 9042 Diesel,DIESEL,5543.3,5543.3,0,MANUAL,469,390.83,00:14:11,08-12-2024 16:51,851,16,17,15.56666667,Sunday,Afternoon,0.833326226,2741494,TRUE,20,-9.1,-7.7,89,0,08-12-2024 16:00,N,-9.9,Light
08-12-2024 16:55,08-12-2024 17:03,512,Mod 1 Lube Island Virtual,K1 Lube Island Virtual,Grandmeister Unit 9428 Diesel,Grandmeister Unit 9428 Diesel,DIESEL,2964.6,2964.6,0,MANUAL,399,376.86,00:07:52,08-12-2024 16:55,472,16,17,8.533333333,Sunday,Afternoon,0.944511278,2741494,TRUE,20,-9.1,-7.7,89,0,08-12-2024 16:00,N,-9.9,Light
08-12-2024 16:56,08-12-2024 17:02,324,Mod 4 Lube Island Virtual,K4 Lube Island Virtual,TLP 2101,TPU 4710,DIESEL,1312.4,1312.4,0,MANUAL,373,367.96,00:03:34,08-12-2024 16:56,214,16,17,5.4,Sunday,Afternoon,0.986487936,2741494,TRUE,20,-9.1,-7.7,89,0,08-12-2024 16:00,N,-9.9,Light
08-12-2024 20:11,08-12-2024 20:19,463,Mod 4 Lube Island Virtual,K4 Lube Island Virtual,Grandmeister Unit 9428 Diesel,Grandmeister Unit 9428 Diesel,DIESEL,2012.3,2012.3,0,MANUAL,346,341.07,00:05:54,08-12-2024 20:11,354,20,20,7.716666667,Sunday,Evening,0.985751445,2741498,TRUE,0,-10.7,-8,81,0,08-12-2024 20:00,N,-11.8,Light
08-12-2024 22:24,08-12-2024 22:34,590,Mod 4 Lube Island Virtual,K4 Lube Island Virtual,TLP 2101,TPU 4710,DIESEL,3135,3135,0,MANUAL,468,368.1,00:08:31,08-12-2024 22:24,511,22,22,9.833333333,Sunday,Evening,0.786538462,2741500,TRUE,26,-11.6,-8.6,79,0,08-12-2024 22:00,NE,-12.8,Light
08-12-2024 22:35,08-12-2024 22:56,1286,Mod 4 Lube Island Virtual,K4 Lube Island Virtual,Grandmeister Unit 9428 Diesel,Grandmeister Unit 9428 Diesel,DIESEL,8309.5,8309.5,0,MANUAL,424,416.52,00:19:57,08-12-2024 22:35,1197,22,22,21.43333333,Sunday,Evening,0.982358491,2741500,TRUE,26,-11.6,-8.6,79,0,08-12-2024 22:00,NE,-12.8,Light
08-12-2024 23:31,09-12-2024 00:03,1897,Mod 4 Lube Island Virtual,K4 Lube Island Virtual,Grandmeister Unit 9423 Diesel,Grandmeister Unit 9423 Diesel,DIESEL,10266.8,10266.8,0,MANUAL,457,342.23,00:30:00,08-12-2024 23:31,1800,23,0,31.61666667,Sunday,Evening,0.748862144,2741501,TRUE,30,-11.5,-8.7,80,0,08-12-2024 23:00,NE,-12.7,Light
09-12-2024 03:14,09-12-2024 03:23,588,Mod 1 Lube Island Virtual,K1 Lube Island Virtual,Grandmeister Unit 9423 Diesel,Grandmeister Unit 9423 Diesel,DIESEL,2716,2716,0,MANUAL,394,369.52,00:07:21,09-12-2024 03:14,441,3,3,9.8,Monday,Night,0.93786802,2741505,TRUE,141,-11.6,-8.8,80,0,09-12-2024 03:00,SE,-12.8,Light
09-12-2024 03:34,09-12-2024 03:38,210,Mod 4 Lube Island Virtual,K4 Lube Island Virtual,TLP 2102,TPUXXX1,DIESEL,1021.2,1021.2,0,MANUAL,409,336.66,00:03:02,09-12-2024 03:34,182,3,3,3.5,Monday,Night,0.823129584,2741505,TRUE,141,-11.6,-8.8,80,0,09-12-2024 03:00,SE,-12.8,Light
09-12-2024 03:43,09-12-2024 04:08,1492,Mod 4 Lube Island Virtual,K4 Lube Island Virtual,Grandmeister Unit 9428 Diesel,Grandmeister Unit 9428 Diesel,DIESEL,8398.9,8398.9,0,MANUAL,496,358.42,00:23:26,09-12-2024 03:43,1406,3,4,24.86666667,Monday,Night,0.722620968,2741505,TRUE,141,-11.6,-8.8,80,0,09-12-2024 03:00,SE,-12.8,Light
09-12-2024 03:56,09-12-2024 04:01,351,Mod 1 Lube Island Virtual,K1 Lube Island Virtual,TLP 2101,TPU 4710,DIESEL,1190,1190,0,MANUAL,374,297.5,00:04:00,09-12-2024 03:56,240,3,4,5.85,Monday,Night,0.795454545,2741505,TRUE,141,-11.6,-8.8,80,0,09-12-2024 03:00,SE,-12.8,Light
09-12-2024 04:36,09-12-2024 04:59,1394,Mod 4 Lube Island Virtual,K4 Lube Island Virtual,Grandmeister Unit 9042 Diesel,Grandmeister Unit 9042 Diesel,DIESEL,7884.9,7884.9,0,MANUAL,445,358.13,00:22:01,09-12-2024 04:36,1321,4,4,23.23333333,Monday,Night,0.804786517,2741506,TRUE,134,-11.7,-8.7,79,0,09-12-2024 04:00,SE,-12.9,Light
09-12-2024 09:22,09-12-2024 09:28,367,Mod 4 Lube Island Virtual,K4 Lube Island Virtual,TLP 2104,TLP 2104,DIESEL,1646.4,1646.4,0,MANUAL,375,368.6,00:04:28,09-12-2024 09:22,268,9,9,6.116666667,Monday,Morning,0.982933333,2741511,TRUE,120,-10.8,-8.6,84,0,09-12-2024 09:00,SE,-11.8,Light
09-12-2024 10:36,09-12-2024 11:05,1727,Mod 1 Lube Island Virtual,K1 Lube Island Virtual,Grandmeister Unit 9428 Diesel,Grandmeister Unit 9428 Diesel,DIESEL,9514,9514,0,MANUAL,381,353.68,00:26:54,09-12-2024 10:36,1614,10,11,28.78333333,Monday,Morning,0.928293963,2741512,TRUE,129,-10.3,-8.2,85,0,09-12-2024 10:00,SE,-11.2,Light
09-12-2024 12:03,09-12-2024 12:09,388,Mod 4 Lube Island Virtual,K4 Lube Island Virtual,TLP 2104,TLP 2104,DIESEL,1767.9,1767.9,0,MANUAL,377,368.31,00:04:48,09-12-2024 12:03,288,12,12,6.466666667,Monday,Afternoon,0.976949602,2741514,TRUE,142,-9.1,-7.2,86,0,09-12-2024 12:00,SE,-10,Light
09-12-2024 12:28,09-12-2024 12:56,1690,Mod 4 Lube Island Virtual,K4 Lube Island Virtual,Grandmeister Unit 9423 Diesel,Grandmeister Unit 9423 Diesel,DIESEL,9453.6,9453.6,0,MANUAL,490,352.31,00:26:50,09-12-2024 12:28,1610,12,12,28.16666667,Monday,Afternoon,0.719,2741514,TRUE,142,-9.1,-7.2,86,0,09-12-2024 12:00,SE,-10,Light
09-12-2024 14:02,09-12-2024 14:28,1556,Mod 1 Lube Island Virtual,K1 Lube Island Virtual,Grandmeister Unit 9428 Diesel,Grandmeister Unit 9428 Diesel,DIESEL,9589.3,9589.3,0,MANUAL,383,379.02,00:25:18,09-12-2024 14:02,1518,14,14,25.93333333,Monday,Afternoon,0.989608355,2741516,TRUE,112,-8.5,-7.1,89,0.3,09-12-2024 14:00,E,-9.3,Light
09-12-2024 14:27,09-12-2024 14:39,723,Mod 4 Lube Island Virtual,K4 Lube Island Virtual,Grandmeister Unit 9423 Diesel,Grandmeister Unit 9423 Diesel,DIESEL,4513.5,4513.5,0,MANUAL,492,402.39,00:11:13,09-12-2024 14:27,673,14,14,12.05,Monday,Afternoon,0.817865854,2741516,TRUE,112,-8.5,-7.1,89,0.3,09-12-2024 14:00,E,-9.3,Light
09-12-2024 16:25,09-12-2024 16:29,265,Mod 4 Lube Island Virtual,K4 Lube Island Virtual,TLP 2104,TLP 2104,DIESEL,1265,1265,0,MANUAL,429,419.34,00:03:01,09-12-2024 16:25,181,16,16,4.416666667,Monday,Afternoon,0.977482517,2741518,TRUE,40,-8.6,-7.4,91,0.3,09-12-2024 16:00,NE,-9.2,Light
09-12-2024 16:46,09-12-2024 17:06,1162,Mod 4 Lube Island Virtual,K4 Lube Island Virtual,Grandmeister Unit 9042 Diesel,Grandmeister Unit 9042 Diesel,DIESEL,6039.5,6039.5,0,MANUAL,373,336.46,00:17:57,09-12-2024 16:46,1077,16,17,19.36666667,Monday,Afternoon,0.902037534,2741518,TRUE,40,-8.6,-7.4,91,0.3,09-12-2024 16:00,NE,-9.2,Light
09-12-2024 16:57,09-12-2024 17:01,287,Mod 1 Lube Island Virtual,K1 Lube Island Virtual,Grandmeister Unit 9423 Diesel,Grandmeister Unit 9423 Diesel,DIESEL,1335.7,1335.7,0,MANUAL,390,338.15,00:03:57,09-12-2024 16:57,237,16,17,4.783333333,Monday,Afternoon,0.867051282,2741518,TRUE,40,-8.6,-7.4,91,0.3,09-12-2024 16:00,NE,-9.2,Light
09-12-2024 19:20,09-12-2024 19:25,347,Grandmeister Unit 9423 Diesel,Grandmeister Unit 9423 Diesel,TLP 2104,TLP 2104,DIESEL,128.2,128.2,0,MANUAL,344,320.5,00:00:24,09-12-2024 19:20,24,19,19,5.783333333,Monday,Evening,0.931686047,2741521,TRUE,20,-9.7,-7.6,85,0,09-12-2024 19:00,N,-10.6,Light
09-12-2024 21:32,09-12-2024 21:51,1125,Mod 4 Lube Island Virtual,K4 Lube Island Virtual,Grandmeister Unit 9423 Diesel,Grandmeister Unit 9423 Diesel,DIESEL,6546.3,6546.3,0,MANUAL,501,376.58,00:17:23,09-12-2024 21:32,1043,21,21,18.75,Monday,Evening,0.751656687,2741523,TRUE,360,-10.5,-8.2,83,0.2,09-12-2024 21:00,N,-11.6,No Rain
09-12-2024 22:19,09-12-2024 22:46,1623,Mod 4 Lube Island Virtual,K4 Lube Island Virtual,Grandmeister Unit 9041 Diesel,Grandmeister Unit 9041 Diesel,DIESEL,10809.9,10809.9,0,MANUAL,427,421.44,00:25:39,09-12-2024 22:19,1539,22,22,27.05,Monday,Evening,0.986978923,2741524,TRUE,2,-12,-9.2,80,0.1,09-12-2024 22:00,N,-13.2,No Rain
09-12-2024 22:33,09-12-2024 22:43,649,Mod 1 Lube Island Virtual,K1 Lube Island Virtual,TLP 2102,TPUXXX1,DIESEL,3293.7,3293.7,0,MANUAL,397,393.67,00:08:22,09-12-2024 22:33,502,22,22,10.81666667,Monday,Evening,0.991612091,2741524,TRUE,2,-12,-9.2,80,0.1,09-12-2024 22:00,N,-13.2,No Rain
10-12-2024 02:14,10-12-2024 02:24,615,Grandmeister Unit 9423 Diesel,Grandmeister Unit 9423 Diesel,TLP 2104,TLP 2104,DIESEL,1570.2,1570.2,0,MANUAL,417,317.21,00:04:57,10-12-2024 02:14,297,2,2,10.25,Tuesday,Night,0.760695444,2741528,TRUE,348,-18,-15.5,81,0,10-12-2024 02:00,N,-19.3,No Rain
10-12-2024 02:28,10-12-2024 02:53,1492,Mod 4 Lube Island Virtual,K4 Lube Island Virtual,Grandmeister Unit 9423 Diesel,Grandmeister Unit 9423 Diesel,DIESEL,9650.1,9650.1,0,MANUAL,422,411.81,00:23:26,10-12-2024 02:28,1406,2,2,24.86666667,Tuesday,Night,0.975853081,2741528,TRUE,348,-18,-15.5,81,0,10-12-2024 02:00,N,-19.3,No Rain
10-12-2024 04:39,10-12-2024 04:45,317,Mod 1 Lube Island Virtual,K1 Lube Island Virtual,TLP 2102,TPUXXX1,DIESEL,1007.2,1007.2,0,MANUAL,393,281.08,00:03:35,10-12-2024 04:39,215,4,4,5.283333333,Tuesday,Night,0.715216285,2741530,TRUE,346,-19.7,-16.8,79,0,10-12-2024 04:00,N,-21,No Rain
10-12-2024 04:45,10-12-2024 05:08,1393,Mod 4 Lube Island Virtual,K4 Lube Island Virtual,Grandmeister Unit 9042 Diesel,Grandmeister Unit 9042 Diesel,DIESEL,7037.9,7037.9,0,MANUAL,401,320.15,00:21:59,10-12-2024 04:45,1319,4,5,23.21666667,Tuesday,Night,0.798379052,2741530,TRUE,346,-19.7,-16.8,79,0,10-12-2024 04:00,N,-21,No Rain
10-12-2024 09:26,10-12-2024 09:32,390,Mod 4 Lube Island Virtual,K4 Lube Island Virtual,TLP 2104,TLP 2104,DIESEL,1804.9,1804.9,0,MANUAL,366,358.59,00:05:02,10-12-2024 09:26,302,9,9,6.5,Tuesday,Morning,0.979754098,2741535,TRUE,305,-26.4,-23.7,79,0,10-12-2024 09:00,NW,-27.9,No Rain
10-12-2024 09:56,10-12-2024 10:33,2211,Mod 4 Lube Island Virtual,K4 Lube Island Virtual,Grandmeister Unit 9425 Diesel,Grandmeister Unit 9425 Diesel,DIESEL,13661.2,13661.2,0,MANUAL,468,377.9,00:36:09,10-12-2024 09:56,2169,9,10,36.85,Tuesday,Morning,0.807478632,2741535,TRUE,305,-26.4,-23.7,79,0,10-12-2024 09:00,NW,-27.9,No Rain
10-12-2024 12:32,10-12-2024 13:03,1855,Mod 4 Lube Island Virtual,K4 Lube Island Virtual,Grandmeister Unit 9423 Diesel,Grandmeister Unit 9423 Diesel,DIESEL,10564.5,10564.5,0,MANUAL,499,352.54,00:29:58,10-12-2024 12:32,1798,12,13,30.91666667,Tuesday,Afternoon,0.706492986,2741538,TRUE,191,-28.4,-25.6,78,0,10-12-2024 12:00,S,-30,No Rain
10-12-2024 12:54,10-12-2024 13:35,2497,Mod 1 Lube Island Virtual,K1 Lube Island Virtual,Grandmeister Unit 9425 Diesel,Grandmeister Unit 9425 Diesel,DIESEL,13096.8,13096.8,0,MANUAL,334,320.48,00:40:52,10-12-2024 12:54,2452,12,13,41.61666667,Tuesday,Afternoon,0.959520958,2741538,TRUE,191,-28.4,-25.6,78,0,10-12-2024 12:00,S,-30,No Rain
10-12-2024 13:17,10-12-2024 13:22,331,Mod 4 Lube Island Virtual,K4 Lube Island Virtual,TLP 2104,TLP 2104,DIESEL,1498.8,1498.8,0,MANUAL,427,385.96,00:03:53,10-12-2024 13:17,233,13,13,5.516666667,Tuesday,Afternoon,0.903887588,2741539,TRUE,221,-28,-25.3,78,0,10-12-2024 13:00,SW,-29.7,No Rain
10-12-2024 13:49,10-12-2024 14:16,1609,Mod 4 Lube Island Virtual,K4 Lube Island Virtual,Grandmeister Unit 9041 Diesel,Grandmeister Unit 9041 Diesel,DIESEL,10177.2,10177.2,0,MANUAL,508,410.37,00:24:48,10-12-2024 13:49,1488,13,14,26.81666667,Tuesday,Afternoon,0.807814961,2741539,TRUE,221,-28,-25.3,78,0,10-12-2024 13:00,SW,-29.7,No Rain
10-12-2024 16:22,10-12-2024 16:45,1342,Mod 4 Lube Island Virtual,K4 Lube Island Virtual,Grandmeister Unit 9042 Diesel,Grandmeister Unit 9042 Diesel,DIESEL,7318.6,7318.6,0,MANUAL,469,352.7,00:20:45,10-12-2024 16:22,1245,16,16,22.36666667,Tuesday,Afternoon,0.752025586,2741542,TRUE,181,-27.6,-24.7,77,0,10-12-2024 16:00,S,-29.3,No Rain
10-12-2024 16:30,10-12-2024 17:02,1896,Mod 1 Lube Island Virtual,K1 Lube Island Virtual,Grandmeister Unit 9425 Diesel,Grandmeister Unit 9425 Diesel,DIESEL,9796.9,9796.9,0,MANUAL,370,316.37,00:30:58,10-12-2024 16:30,1858,16,17,31.6,Tuesday,Afternoon,0.855054054,2741542,TRUE,181,-27.6,-24.7,77,0,10-12-2024 16:00,S,-29.3,No Rain
10-12-2024 16:48,10-12-2024 16:53,286,Mod 4 Lube Island Virtual,K4 Lube Island Virtual,TLP 2104,TLP 2104,DIESEL,1397.3,1397.3,0,MANUAL,429,429.94,00:03:15,10-12-2024 16:48,195,16,16,4.766666667,Tuesday,Afternoon,1.002191142,2741542,TRUE,181,-27.6,-24.7,77,0,10-12-2024 16:00,S,-29.3,No Rain
10-12-2024 20:20,10-12-2024 20:53,2037,Mod 4 Lube Island Virtual,K4 Lube Island Virtual,Grandmeister Unit 9425 Diesel,Grandmeister Unit 9425 Diesel,DIESEL,12143.8,12143.8,0,MANUAL,462,372.7,00:32:35,10-12-2024 20:20,1955,20,20,33.95,Tuesday,Evening,0.806709957,2741546,TRUE,95,-24.8,-21.8,77,0,10-12-2024 20:00,E,-26.4,No Rain
10-12-2024 22:43,10-12-2024 23:09,1548,Mod 4 Lube Island Virtual,K4 Lube Island Virtual,Grandmeister Unit 9423 Diesel,Grandmeister Unit 9423 Diesel,DIESEL,8587.8,8587.8,0,MANUAL,369,359.82,00:23:52,10-12-2024 22:43,1432,22,23,25.8,Tuesday,Evening,0.975121951,2741548,TRUE,96,-24.2,-21.4,78,0,10-12-2024 22:00,E,-25.8,No Rain
11-12-2024 03:20,11-12-2024 03:46,1532,Mod 4 Lube Island Virtual,K4 Lube Island Virtual,Grandmeister Unit 9425 Diesel,Grandmeister Unit 9425 Diesel,DIESEL,9009.8,9009.8,0,MANUAL,403,375.15,00:24:01,11-12-2024 03:20,1441,3,3,25.53333333,Wednesday,Night,0.9308933,2741553,TRUE,115,-24.1,-21.4,79,0,11-12-2024 03:00,SE,-25.6,No Rain
11-12-2024 03:24,11-12-2024 03:49,1466,Mod 4 Lube Island Virtual,K4 Lube Island Virtual,Grandmeister Unit 9042 Diesel,Grandmeister Unit 9042 Diesel,DIESEL,7570.9,7570.9,0,MANUAL,416,333.03,00:22:44,11-12-2024 03:24,1364,3,3,24.43333333,Wednesday,Night,0.800552885,2741553,TRUE,115,-24.1,-21.4,79,0,11-12-2024 03:00,SE,-25.6,No Rain
11-12-2024 03:49,11-12-2024 03:52,188,Mod 4 Lube Island Virtual,K4 Lube Island Virtual,Grandmeister Unit 9042 Diesel,Grandmeister Unit 9042 Diesel,DIESEL,327.1,327.1,0,MANUAL,342,316.55,00:01:02,11-12-2024 03:49,62,3,3,3.133333333,Wednesday,Night,0.925584795,2741553,TRUE,115,-24.1,-21.4,79,0,11-12-2024 03:00,SE,-25.6,No Rain
11-12-2024 03:52,11-12-2024 03:56,266,Mod 1 Lube Island Virtual,K1 Lube Island Virtual,TLP 2102,TPUXXX1,DIESEL,796.3,796.3,0,MANUAL,397,388.44,00:02:03,11-12-2024 03:52,123,3,3,4.433333333,Wednesday,Night,0.978438287,2741553,TRUE,115,-24.1,-21.4,79,0,11-12-2024 03:00,SE,-25.6,No Rain
11-12-2024 09:18,11-12-2024 09:24,410,Mod 4 Lube Island Virtual,K4 Lube Island Virtual,TLP 2104,TLP 2104,DIESEL,2001.9,2001.9,0,MANUAL,414,408.55,00:04:54,11-12-2024 09:18,294,9,9,6.833333333,Wednesday,Morning,0.986835749,2741559,TRUE,148,-23.6,-19.6,71,0,11-12-2024 09:00,SE,-25.4,No Rain
11-12-2024 11:10,11-12-2024 11:49,2345,Mod 1 Lube Island Virtual,K1 Lube Island Virtual,Grandmeister Unit 9425 Diesel,Grandmeister Unit 9425 Diesel,DIESEL,13142.2,13142.2,0,MANUAL,357,341.95,00:38:26,11-12-2024 11:10,2306,11,11,39.08333333,Wednesday,Morning,0.957843137,2741561,TRUE,150,-23.1,-19.4,73,0,11-12-2024 11:00,SE,-24.8,No Rain
11-12-2024 12:17,11-12-2024 12:23,337,Mod 4 Lube Island Virtual,K4 Lube Island Virtual,TLP 2104,TLP 2104,DIESEL,1644.7,1644.7,0,MANUAL,401,397.91,00:04:08,11-12-2024 12:17,248,12,12,5.616666667,Wednesday,Afternoon,0.992294264,2741562,TRUE,150,-22.8,-18.9,71,0,11-12-2024 12:00,SE,-24.7,No Rain
11-12-2024 12:49,11-12-2024 13:20,1865,Mod 1 Lube Island Virtual,K1 Lube Island Virtual,Grandmeister Unit 9423 Diesel,Grandmeister Unit 9423 Diesel,DIESEL,10925.3,10925.3,0,MANUAL,393,374.37,00:29:11,11-12-2024 12:49,1751,12,13,31.08333333,Wednesday,Afternoon,0.95259542,2741562,TRUE,150,-22.8,-18.9,71,0,11-12-2024 12:00,SE,-24.7,No Rain
11-12-2024 14:13,11-12-2024 14:52,2343,Mod 1 Lube Island Virtual,K1 Lube Island Virtual,Grandmeister Unit 9425 Diesel,Grandmeister Unit 9425 Diesel,DIESEL,13047.9,13047.9,0,MANUAL,375,339.2,00:38:28,11-12-2024 14:13,2308,14,14,39.05,Wednesday,Afternoon,0.904533333,2741564,TRUE,140,-23.9,-19.2,66,0,11-12-2024 14:00,SE,-26,No Rain
11-12-2024 15:52,11-12-2024 16:03,630,Mod 1 Lube Island Virtual,K1 Lube Island Virtual,Grandmeister Unit 9041 Diesel,Grandmeister Unit 9041 Diesel,DIESEL,2966,2966,0,MANUAL,350,346.9,00:08:33,11-12-2024 15:52,513,15,16,10.5,Wednesday,Afternoon,0.991142857,2741565,TRUE,89,-23.6,-19.7,71,0,11-12-2024 15:00,E,-25.5,No Rain
11-12-2024 16:16,11-12-2024 16:43,1633,Mod 1 Lube Island Virtual,K1 Lube Island Virtual,Grandmeister Unit 9041 Diesel,Grandmeister Unit 9041 Diesel,DIESEL,8090.6,8090.6,0,MANUAL,396,326.89,00:24:45,11-12-2024 16:16,1485,16,16,27.21666667,Wednesday,Afternoon,0.825479798,2741566,TRUE,94,-24.2,-20,69,0,11-12-2024 16:00,E,-26.2,No Rain
11-12-2024 16:40,11-12-2024 16:59,1153,Mod 4 Lube Island Virtual,K4 Lube Island Virtual,Grandmeister Unit 9042 Diesel,Grandmeister Unit 9042 Diesel,DIESEL,6823.4,6823.4,0,MANUAL,470,386.23,00:17:40,11-12-2024 16:40,1060,16,16,19.21666667,Wednesday,Afternoon,0.821765957,2741566,TRUE,94,-24.2,-20,69,0,11-12-2024 16:00,E,-26.2,No Rain
11-12-2024 17:12,11-12-2024 17:22,630,Mod 4 Lube Island Virtual,K4 Lube Island Virtual,TLP 2101,TPU 4710,DIESEL,3079,3079,0,MANUAL,363,350.55,00:08:47,11-12-2024 17:12,527,17,17,10.5,Wednesday,Afternoon,0.965702479,2741567,TRUE,125,-24.2,-19.5,66,0,11-12-2024 17:00,SE,-26.3,No Rain
11-12-2024 22:35,11-12-2024 23:09,2049,Mod 4 Lube Island Virtual,K4 Lube Island Virtual,Grandmeister Unit 9425 Diesel,Grandmeister Unit 9425 Diesel,DIESEL,12305.8,12305.8,0,MANUAL,468,375.56,00:32:46,11-12-2024 22:35,1966,22,23,34.15,Wednesday,Evening,0.802478632,2741572,TRUE,137,-24,-18.5,62,0,11-12-2024 22:00,SE,-26.1,No Rain
12-12-2024 00:12,12-12-2024 00:18,329,Mod 4 Lube Island Virtual,K4 Lube Island Virtual,TLP 2102,TPUXXX1,DIESEL,1698.9,1698.9,0,MANUAL,358,351.5,00:04:50,12-12-2024 00:12,290,0,0,5.483333333,Thursday,Night,0.981843575,2741574,TRUE,129,-24.2,-19.7,67,0,12-12-2024 00:00,SE,-26.3,No Rain
12-12-2024 01:34,12-12-2024 02:06,1869,Mod 1 Lube Island Virtual,K1 Lube Island Virtual,Grandmeister Unit 9041 Diesel,Grandmeister Unit 9041 Diesel,DIESEL,11382.1,11382.1,0,MANUAL,393,382.38,00:29:46,12-12-2024 01:34,1786,1,2,31.15,Thursday,Night,0.972977099,2741575,TRUE,128,-24.3,-20,68,0,12-12-2024 01:00,SE,-26.4,No Rain
12-12-2024 02:06,12-12-2024 02:08,155,Mod 1 Lube Island Virtual,K1 Lube Island Virtual,Grandmeister Unit 9041 Diesel,Grandmeister Unit 9041 Diesel,DIESEL,242.2,242.2,0,MANUAL,379,354.44,00:00:41,12-12-2024 02:06,41,2,2,2.583333333,Thursday,Night,0.935197889,2741576,TRUE,130,-24.8,-20.4,68,0,12-12-2024 02:00,SE,-26.8,No Rain
12-12-2024 04:19,12-12-2024 04:26,432,Mod 1 Lube Island Virtual,K1 Lube Island Virtual,Grandmeister Unit 9041 Diesel,Grandmeister Unit 9041 Diesel,DIESEL,2218.5,2218.5,0,MANUAL,380,351.21,00:06:19,12-12-2024 04:19,379,4,4,7.2,Thursday,Night,0.924236842,2741578,TRUE,131,-25.7,-21.5,69,0,12-12-2024 04:00,SE,-27.7,No Rain
12-12-2024 04:43,12-12-2024 05:00,1068,Mod 4 Lube Island Virtual,K4 Lube Island Virtual,Grandmeister Unit 9425 Diesel,Grandmeister Unit 9425 Diesel,DIESEL,5937.9,5937.9,0,MANUAL,481,360.97,00:16:27,12-12-2024 04:43,987,4,5,17.8,Thursday,Night,0.75045738,2741578,TRUE,131,-25.7,-21.5,69,0,12-12-2024 04:00,SE,-27.7,No Rain
12-12-2024 04:48,12-12-2024 05:10,1348,Mod 4 Lube Island Virtual,K4 Lube Island Virtual,Grandmeister Unit 9042 Diesel,Grandmeister Unit 9042 Diesel,DIESEL,7139.3,7139.3,0,MANUAL,447,342.96,00:20:49,12-12-2024 04:48,1249,4,5,22.46666667,Thursday,Night,0.767248322,2741578,TRUE,131,-25.7,-21.5,69,0,12-12-2024 04:00,SE,-27.7,No Rain
12-12-2024 05:21,12-12-2024 05:28,415,Mod 4 Lube Island Virtual,K4 Lube Island Virtual,TLP 2101,TPU 4710,DIESEL,2207.6,2207.6,0,MANUAL,495,412.64,00:05:21,12-12-2024 05:21,321,5,5,6.916666667,Thursday,Night,0.833616162,2741579,TRUE,148,-25.7,-21.6,69,0,12-12-2024 05:00,SE,-27.8,No Rain
12-12-2024 05:24,12-12-2024 05:27,216,Mod 1 Lube Island Virtual,K1 Lube Island Virtual,TLP 2102,TPUXXX1,DIESEL,1114.3,1114.3,0,MANUAL,393,375.61,00:02:58,12-12-2024 05:24,178,5,5,3.6,Thursday,Night,0.955750636,2741579,TRUE,148,-25.7,-21.6,69,0,12-12-2024 05:00,SE,-27.8,No Rain
